Date,Activity_Score,Region,Treatment_Group,Revenue
01-01-2023,78,North,1,137.02
01-01-2023,83,West,1,135.51
01-01-2023,77,West,1,150.02
01-01-2023,84,South,1,141.26
01-01-2023,44,East,0,126.19
01-01-2023,12,South,0,102.61
01-01-2023,66,North,1,137.47
01-01-2023,83,West,1,139.54
01-01-2023,81,West,1,140.2
01-01-2023,79,West,1,143.35
01-01-2023,64,West,1,127.84
01-01-2023,17,South,0,103.48
01-01-2023,42,North,1,124.26
02-01-2023,36,West,0,116.54
02-01-2023,52,East,1,120.53
02-01-2023,61,West,1,137.88
02-01-2023,44,North,1,129.52
02-01-2023,61,North,0,131.85
02-01-2023,86,North,1,142.96
02-01-2023,85,South,1,143.81
02-01-2023,81,South,1,138.85
02-01-2023,11,North,0,103.87
02-01-2023,66,South,1,128.76
02-01-2023,17,West,0,114.56
02-01-2023,68,West,0,136.59
02-01-2023,10,South,0,101.06
03-01-2023,59,North,1,137.99
03-01-2023,77,East,0,145.49
03-01-2023,41,North,1,117.77
03-01-2023,27,East,0,114.04
03-01-2023,41,West,0,128.87
03-01-2023,27,West,0,112.21
03-01-2023,64,South,1,126.42
03-01-2023,14,North,0,104.14
03-01-2023,67,East,1,131.54
03-01-2023,47,North,1,115.96
03-01-2023,14,East,0,108.84
03-01-2023,62,South,1,133.45
03-01-2023,35,North,0,105.1
03-01-2023,42,South,0,131.61
03-01-2023,25,West,0,107.65
04-01-2023,74,West,1,140.36
04-01-2023,16,North,0,102.28
04-01-2023,76,South,1,147.57
04-01-2023,42,North,0,113.96
04-01-2023,80,West,1,139.67
04-01-2023,34,South,0,120.1
04-01-2023,79,East,1,128.44
04-01-2023,61,North,1,130.38
04-01-2023,30,South,0,110.83
04-01-2023,68,West,1,140.47
04-01-2023,37,West,0,118.51
04-01-2023,85,North,1,151.93
04-01-2023,57,West,1,135.27
04-01-2023,53,East,0,140.55
04-01-2023,55,West,1,126.8
04-01-2023,34,West,0,120.31
05-01-2023,30,West,0,116.46
05-01-2023,22,North,0,115.44
05-01-2023,36,South,0,124.97
05-01-2023,63,North,1,135.62
05-01-2023,64,North,1,126.69
05-01-2023,61,West,1,134.24
05-01-2023,64,East,1,139.57
05-01-2023,47,South,0,125.22
05-01-2023,24,North,0,105.41
05-01-2023,83,East,1,142.86
05-01-2023,75,North,1,144.44
05-01-2023,77,East,1,149.23
05-01-2023,83,East,1,138.57
05-01-2023,14,East,0,106.27
05-01-2023,57,North,1,129.32
05-01-2023,88,East,1,137.75
06-01-2023,84,East,1,140.93
06-01-2023,18,East,0,117.75
06-01-2023,85,West,1,137.85
06-01-2023,82,North,1,142.88
06-01-2023,54,East,0,120.08
06-01-2023,63,South,1,126.04
06-01-2023,34,East,0,116.68
06-01-2023,82,East,1,140.73
06-01-2023,31,North,1,115.38
06-01-2023,59,East,0,131.97
06-01-2023,79,South,0,137.37
06-01-2023,20,West,0,103.16
06-01-2023,70,South,1,138.28
06-01-2023,48,East,0,129.54
06-01-2023,73,West,1,132.08
07-01-2023,79,East,1,137.06
07-01-2023,42,West,1,118.19
07-01-2023,68,North,1,127.23
07-01-2023,59,North,1,139.93
07-01-2023,46,North,0,121.45
07-01-2023,68,North,1,130.58
07-01-2023,34,West,0,118.46
07-01-2023,26,West,0,120.09
07-01-2023,48,West,0,125.62
07-01-2023,55,West,1,130.07
07-01-2023,52,North,0,125.11
07-01-2023,60,East,1,139.32
07-01-2023,25,East,0,112.09
07-01-2023,29,North,0,110.79
07-01-2023,53,North,1,133.93
07-01-2023,43,North,0,131.07
07-01-2023,22,South,0,115.45
07-01-2023,14,North,0,112.97
07-01-2023,32,West,0,116.15
07-01-2023,21,North,0,109.32
07-01-2023,69,East,1,141.73
07-01-2023,72,South,0,129.1
08-01-2023,26,South,0,112.44
08-01-2023,86,South,1,146.04
08-01-2023,25,East,0,113.2
08-01-2023,63,South,1,123.54
08-01-2023,85,West,1,138.87
08-01-2023,44,North,0,125.28
08-01-2023,32,South,1,107.72
08-01-2023,12,East,0,104.58
08-01-2023,24,East,0,117.43
08-01-2023,73,South,0,142.02
08-01-2023,80,East,1,139.26
08-01-2023,77,West,1,140.46
09-01-2023,73,South,1,134.88
09-01-2023,54,North,1,129.79
09-01-2023,72,North,1,127.79
09-01-2023,72,South,1,139.67
09-01-2023,61,North,1,134.74
09-01-2023,49,East,0,126.49
09-01-2023,70,West,1,132.73
09-01-2023,27,North,0,113.96
09-01-2023,10,West,0,113.03
09-01-2023,89,North,1,145.6
09-01-2023,71,East,1,130.65
09-01-2023,63,East,0,126.35
09-01-2023,77,East,1,143.7
09-01-2023,73,South,1,131.96
09-01-2023,84,West,1,144.8
10-01-2023,79,North,1,139.07
10-01-2023,26,East,1,111.04
10-01-2023,23,South,0,104.48
10-01-2023,12,East,0,107.68
10-01-2023,27,South,0,113.34
10-01-2023,60,North,1,136.2
10-01-2023,23,South,0,106.1
10-01-2023,79,East,1,137.9
10-01-2023,82,West,1,138.2
10-01-2023,43,North,0,121.68
10-01-2023,57,North,1,121.77
10-01-2023,77,South,1,142.54
10-01-2023,14,North,0,104.8
10-01-2023,86,South,1,140.39
10-01-2023,52,South,0,134.67
10-01-2023,35,West,0,118.93
11-01-2023,62,South,0,134.04
11-01-2023,69,South,1,145.68
11-01-2023,80,South,1,137.63
11-01-2023,47,South,1,113.05
11-01-2023,58,South,1,119.62
11-01-2023,16,South,0,111.69
11-01-2023,43,South,0,128.44
11-01-2023,45,West,0,121.52
11-01-2023,15,North,0,102.47
11-01-2023,31,South,0,120.28
11-01-2023,79,South,1,142.66
11-01-2023,72,South,1,135.99
11-01-2023,45,West,0,129.91
11-01-2023,85,South,1,141.27
11-01-2023,56,North,1,125.96
11-01-2023,26,East,0,115.74
12-01-2023,23,South,0,108.79
12-01-2023,28,South,0,114.71
12-01-2023,46,North,1,123.09
12-01-2023,36,West,0,122.14
12-01-2023,58,North,0,141.38
12-01-2023,54,South,1,123.84
12-01-2023,44,South,0,132.27
12-01-2023,48,North,0,116.7
12-01-2023,84,South,1,145.34
12-01-2023,86,East,1,145.55
12-01-2023,66,East,1,131.2
12-01-2023,46,West,0,122.37
12-01-2023,40,West,0,120.67
12-01-2023,66,North,1,143.2
12-01-2023,33,North,0,116.66
12-01-2023,68,West,1,131.77
12-01-2023,29,East,0,115.13
13-01-2023,21,North,0,104.29
13-01-2023,37,North,0,126.38
13-01-2023,82,East,1,136.14
13-01-2023,70,North,1,138.73
13-01-2023,35,West,0,118.08
13-01-2023,70,South,0,127.38
13-01-2023,62,East,1,123.88
13-01-2023,63,East,1,122.48
13-01-2023,41,West,0,128.17
13-01-2023,61,East,1,119.21
13-01-2023,36,North,0,118.63
13-01-2023,42,West,0,130.08
13-01-2023,36,North,0,110.9
13-01-2023,29,East,0,120.41
13-01-2023,26,East,0,111.02
13-01-2023,87,West,1,146.19
13-01-2023,59,South,1,140.35
13-01-2023,26,East,0,105.18
13-01-2023,39,West,0,114.68
13-01-2023,70,East,1,137.07
13-01-2023,28,North,0,101.19
13-01-2023,22,North,0,113.5
13-01-2023,15,East,0,108.6
13-01-2023,59,West,0,130.62
13-01-2023,19,South,0,119.23
13-01-2023,68,West,1,140.49
14-01-2023,82,North,1,142.95
14-01-2023,20,East,0,112.27
14-01-2023,51,North,0,130.04
14-01-2023,30,North,1,117.83
14-01-2023,31,North,0,112.46
14-01-2023,77,East,1,137.05
14-01-2023,65,South,1,139.45
14-01-2023,11,South,0,106.61
14-01-2023,69,West,0,126.34
14-01-2023,48,East,1,127.79
14-01-2023,76,South,1,137.65
14-01-2023,41,North,1,117.42
14-01-2023,77,East,1,138.2
14-01-2023,89,East,1,141.88
14-01-2023,37,South,0,117.82
14-01-2023,33,East,0,122.0
14-01-2023,60,West,1,128.18
15-01-2023,51,South,0,132.74
15-01-2023,62,West,1,132.94
15-01-2023,71,North,1,129.59
15-01-2023,18,East,0,118.5
15-01-2023,81,North,1,132.3
15-01-2023,36,South,0,120.06
15-01-2023,71,East,1,135.36
15-01-2023,75,South,1,130.94
15-01-2023,68,North,1,138.84
15-01-2023,82,North,1,139.11
15-01-2023,21,South,0,106.48
15-01-2023,14,East,0,104.67
15-01-2023,15,East,0,99.07
15-01-2023,87,South,1,149.13
16-01-2023,89,South,1,144.7
16-01-2023,82,West,1,138.02
16-01-2023,42,North,1,117.26
16-01-2023,69,South,1,130.38
16-01-2023,35,North,0,120.8
16-01-2023,75,East,1,137.81
16-01-2023,32,South,1,116.13
16-01-2023,88,South,1,145.81
16-01-2023,69,North,1,136.11
16-01-2023,53,North,0,119.72
16-01-2023,58,South,1,129.54
16-01-2023,32,North,0,118.78
16-01-2023,35,West,0,114.43
16-01-2023,53,East,1,128.25
16-01-2023,66,West,0,136.17
16-01-2023,59,West,1,126.25
16-01-2023,56,East,0,127.65
16-01-2023,12,North,0,106.84
17-01-2023,63,East,1,132.03
17-01-2023,81,East,1,132.1
17-01-2023,74,North,1,138.0
17-01-2023,80,West,1,137.96
17-01-2023,82,South,0,147.88
17-01-2023,32,North,0,124.18
17-01-2023,10,East,0,107.62
17-01-2023,89,South,1,150.28
17-01-2023,69,West,1,137.65
17-01-2023,86,North,1,142.27
17-01-2023,17,North,0,94.8
17-01-2023,28,East,0,102.82
17-01-2023,87,East,1,150.76
17-01-2023,70,North,1,136.98
17-01-2023,77,North,1,131.91
17-01-2023,57,West,0,133.22
17-01-2023,29,West,0,111.84
17-01-2023,10,South,0,113.63
18-01-2023,41,West,1,124.26
18-01-2023,27,South,0,110.08
18-01-2023,40,South,0,119.5
18-01-2023,77,West,1,144.08
18-01-2023,18,South,1,104.47
18-01-2023,85,East,1,143.54
18-01-2023,35,North,0,121.37
18-01-2023,27,West,0,117.94
18-01-2023,57,South,1,123.26
18-01-2023,74,West,0,137.33
18-01-2023,11,East,0,110.2
18-01-2023,33,West,0,114.43
18-01-2023,56,South,1,132.21
18-01-2023,42,North,0,120.79
18-01-2023,35,South,0,116.52
18-01-2023,63,West,1,145.69
18-01-2023,88,South,1,145.7
19-01-2023,23,North,0,105.84
19-01-2023,59,West,0,130.8
19-01-2023,32,South,0,117.12
19-01-2023,65,West,0,125.97
19-01-2023,39,North,0,117.99
19-01-2023,30,South,0,122.88
19-01-2023,25,South,0,112.02
19-01-2023,37,North,0,117.65
19-01-2023,47,West,0,122.88
19-01-2023,73,North,1,140.0
19-01-2023,70,West,1,138.66
19-01-2023,75,East,1,131.71
19-01-2023,32,North,0,119.4
20-01-2023,50,West,1,122.2
20-01-2023,85,East,1,144.31
20-01-2023,24,South,1,123.42
20-01-2023,51,West,0,119.8
20-01-2023,31,West,1,120.52
20-01-2023,29,South,0,119.57
20-01-2023,76,South,1,137.3
20-01-2023,28,South,0,113.24
20-01-2023,86,West,1,137.8
20-01-2023,79,West,1,142.28
20-01-2023,11,West,0,106.68
20-01-2023,85,South,1,139.19
20-01-2023,60,West,1,125.5
20-01-2023,89,North,1,149.16
20-01-2023,11,South,0,103.15
20-01-2023,72,West,1,132.01
20-01-2023,68,West,1,131.73
20-01-2023,51,West,0,125.83
20-01-2023,23,South,0,117.74
21-01-2023,19,East,0,102.43
21-01-2023,24,West,0,113.03
21-01-2023,53,North,0,139.07
21-01-2023,71,South,1,131.53
21-01-2023,76,South,1,125.55
21-01-2023,65,North,1,135.14
21-01-2023,71,South,1,134.18
21-01-2023,23,North,0,102.81
21-01-2023,71,North,1,137.94
21-01-2023,52,South,1,131.29
21-01-2023,54,East,0,121.3
21-01-2023,28,South,0,120.42
21-01-2023,27,North,0,115.24
22-01-2023,61,South,1,122.1
22-01-2023,29,East,0,110.29
22-01-2023,52,North,1,130.6
22-01-2023,10,East,1,114.6
22-01-2023,62,West,0,132.86
22-01-2023,28,North,0,112.62
22-01-2023,16,West,0,116.86
22-01-2023,84,North,1,146.05
22-01-2023,43,North,0,128.99
22-01-2023,72,East,0,146.3
22-01-2023,70,West,0,131.84
22-01-2023,38,West,0,123.63
22-01-2023,89,East,1,150.22
22-01-2023,81,South,1,134.15
22-01-2023,85,South,1,150.42
22-01-2023,46,East,1,131.68
22-01-2023,88,South,1,144.4
22-01-2023,45,West,0,121.68
22-01-2023,13,East,0,106.48
22-01-2023,39,South,0,122.85
22-01-2023,29,South,0,108.37
22-01-2023,74,West,1,137.59
23-01-2023,69,South,1,132.56
23-01-2023,40,West,0,114.85
23-01-2023,70,East,1,138.55
23-01-2023,77,North,1,138.2
23-01-2023,24,West,0,116.08
23-01-2023,38,East,0,116.29
23-01-2023,73,East,1,127.51
23-01-2023,14,North,0,104.77
23-01-2023,22,West,0,112.56
23-01-2023,60,North,1,132.53
23-01-2023,42,South,1,121.6
23-01-2023,81,East,1,150.01
23-01-2023,34,East,0,130.44
23-01-2023,76,South,1,135.98
23-01-2023,38,South,0,118.36
23-01-2023,47,East,0,130.15
23-01-2023,60,North,1,134.11
23-01-2023,40,East,1,117.89
23-01-2023,81,South,1,140.87
23-01-2023,34,South,0,115.11
24-01-2023,80,East,0,142.13
24-01-2023,18,South,0,106.21
24-01-2023,82,East,1,144.89
24-01-2023,39,West,0,116.85
24-01-2023,29,North,0,116.84
24-01-2023,73,South,1,138.27
24-01-2023,48,North,1,128.52
24-01-2023,61,West,0,126.86
24-01-2023,10,East,0,98.32
24-01-2023,16,East,0,106.91
24-01-2023,73,West,1,126.74
24-01-2023,31,West,0,122.4
24-01-2023,78,North,1,139.99
24-01-2023,12,South,0,114.02
24-01-2023,10,West,0,101.21
25-01-2023,21,North,0,114.73
25-01-2023,35,West,0,121.19
25-01-2023,34,East,1,122.76
25-01-2023,41,North,1,126.41
25-01-2023,56,North,1,119.85
25-01-2023,81,North,1,137.51
25-01-2023,49,East,1,117.79
25-01-2023,73,North,1,132.78
25-01-2023,67,North,1,127.46
25-01-2023,10,East,1,102.47
25-01-2023,40,West,0,119.01
25-01-2023,39,East,0,116.51
25-01-2023,19,East,0,116.24
25-01-2023,77,West,0,140.66
26-01-2023,41,East,0,117.95
26-01-2023,35,South,1,123.66
26-01-2023,27,West,0,109.3
26-01-2023,40,South,0,128.16
26-01-2023,71,North,1,130.99
26-01-2023,85,South,1,139.43
26-01-2023,32,North,0,118.84
26-01-2023,74,East,1,154.97
26-01-2023,36,South,0,118.7
26-01-2023,16,West,0,116.81
26-01-2023,60,West,1,134.96
26-01-2023,76,West,1,136.27
26-01-2023,69,West,1,128.06
26-01-2023,24,West,0,117.72
27-01-2023,78,North,1,134.65
27-01-2023,48,South,0,113.81
27-01-2023,44,North,1,122.4
27-01-2023,77,South,1,146.43
27-01-2023,31,South,0,107.18
27-01-2023,55,North,1,126.87
27-01-2023,14,East,0,110.23
27-01-2023,58,North,1,126.71
27-01-2023,33,South,0,118.02
27-01-2023,51,North,1,124.84
27-01-2023,69,West,1,131.73
28-01-2023,81,North,1,134.75
28-01-2023,10,West,0,101.21
28-01-2023,86,East,1,135.92
28-01-2023,58,East,1,131.32
28-01-2023,69,South,1,134.73
28-01-2023,86,North,1,140.79
28-01-2023,88,South,1,143.75
28-01-2023,62,South,1,126.9
28-01-2023,14,West,0,101.77
28-01-2023,72,South,1,133.9
28-01-2023,34,West,0,116.01
28-01-2023,26,South,0,121.62
28-01-2023,16,North,0,113.6
28-01-2023,23,West,0,114.82
29-01-2023,50,East,1,119.36
29-01-2023,37,South,0,111.03
29-01-2023,34,East,1,118.67
29-01-2023,65,North,1,135.01
29-01-2023,89,East,1,143.8
29-01-2023,52,East,0,121.72
29-01-2023,27,East,0,103.25
29-01-2023,23,North,0,114.85
29-01-2023,13,East,0,114.07
30-01-2023,88,South,1,139.73
30-01-2023,83,East,1,136.98
30-01-2023,39,East,0,111.79
30-01-2023,32,West,0,111.65
30-01-2023,64,East,1,130.94
30-01-2023,61,North,1,138.04
30-01-2023,89,East,1,151.13
30-01-2023,29,West,0,109.95
30-01-2023,78,North,1,144.92
30-01-2023,85,East,1,144.85
30-01-2023,48,North,0,126.69
30-01-2023,73,South,1,136.55
30-01-2023,57,North,0,126.73
30-01-2023,28,East,0,104.28
30-01-2023,42,South,0,121.37
30-01-2023,56,West,0,129.21
30-01-2023,47,East,1,118.26
31-01-2023,81,North,1,133.77
31-01-2023,64,East,0,131.67
31-01-2023,19,North,0,119.68
31-01-2023,43,North,1,117.17
31-01-2023,73,South,1,133.82
31-01-2023,69,North,1,133.1
31-01-2023,41,North,1,121.21
31-01-2023,52,West,1,128.39
31-01-2023,34,South,0,120.71
31-01-2023,10,North,0,102.77
31-01-2023,47,West,0,121.75
31-01-2023,84,South,1,143.02
31-01-2023,76,South,1,142.75
31-01-2023,81,East,1,137.46
31-01-2023,48,North,0,124.64
31-01-2023,45,West,0,118.49
01-02-2023,67,North,1,134.81
01-02-2023,56,West,1,119.07
01-02-2023,56,South,1,121.61
01-02-2023,79,South,1,139.65
01-02-2023,12,South,0,110.52
01-02-2023,56,South,1,122.92
01-02-2023,44,North,0,122.26
01-02-2023,37,West,0,120.95
01-02-2023,35,North,0,116.12
01-02-2023,63,South,1,125.64
01-02-2023,81,North,1,144.75
01-02-2023,46,East,0,122.42
01-02-2023,49,North,0,129.64
01-02-2023,10,North,0,106.32
01-02-2023,27,North,0,117.84
01-02-2023,68,North,0,140.5
01-02-2023,55,East,0,123.02
02-02-2023,52,East,1,124.64
02-02-2023,11,East,0,108.02
02-02-2023,25,North,0,112.8
02-02-2023,34,North,0,118.48
02-02-2023,23,West,0,115.01
02-02-2023,46,West,0,127.45
02-02-2023,71,West,1,140.75
02-02-2023,67,West,1,134.6
02-02-2023,46,South,0,128.27
02-02-2023,62,West,1,133.32
02-02-2023,61,North,0,133.49
02-02-2023,26,West,0,105.02
02-02-2023,12,North,0,102.83
02-02-2023,49,West,1,120.75
02-02-2023,59,South,1,111.6
02-02-2023,29,North,0,126.51
02-02-2023,28,East,0,116.38
02-02-2023,45,South,0,131.08
02-02-2023,69,North,1,141.98
03-02-2023,33,North,0,123.66
03-02-2023,40,East,0,122.13
03-02-2023,16,North,0,107.34
03-02-2023,47,West,0,125.35
03-02-2023,88,West,1,151.85
03-02-2023,86,East,1,139.56
03-02-2023,46,North,0,118.92
03-02-2023,82,North,1,140.64
03-02-2023,51,West,0,124.93
03-02-2023,58,East,1,123.72
03-02-2023,60,North,1,130.92
03-02-2023,13,North,0,96.43
03-02-2023,17,North,0,97.96
03-02-2023,64,North,1,121.75
03-02-2023,35,East,0,119.13
03-02-2023,71,North,1,140.3
03-02-2023,35,East,0,111.61
04-02-2023,80,West,1,134.92
04-02-2023,86,North,1,141.34
04-02-2023,87,East,1,147.98
04-02-2023,75,North,1,138.09
04-02-2023,84,North,1,139.1
04-02-2023,79,South,0,129.34
04-02-2023,23,East,0,112.28
04-02-2023,72,South,1,134.5
04-02-2023,74,North,1,139.58
04-02-2023,14,North,0,106.44
04-02-2023,67,West,1,135.43
04-02-2023,10,South,0,105.74
04-02-2023,17,South,0,107.88
04-02-2023,41,North,0,110.26
04-02-2023,60,North,1,133.86
04-02-2023,21,North,0,110.05
04-02-2023,48,South,1,115.95
04-02-2023,23,West,0,109.44
04-02-2023,31,North,0,109.58
04-02-2023,14,West,0,103.17
04-02-2023,19,West,0,105.91
05-02-2023,25,North,0,110.64
05-02-2023,51,South,1,121.76
05-02-2023,35,South,1,120.93
05-02-2023,75,East,1,130.37
05-02-2023,35,North,0,115.54
05-02-2023,86,South,1,140.21
05-02-2023,83,West,1,135.26
05-02-2023,11,West,0,102.69
05-02-2023,16,South,0,115.75
05-02-2023,31,North,0,117.06
05-02-2023,10,North,0,109.38
05-02-2023,11,North,0,111.12
05-02-2023,62,East,1,122.77
05-02-2023,56,South,0,127.9
05-02-2023,42,North,0,121.06
05-02-2023,49,South,0,118.54
05-02-2023,57,North,1,126.25
06-02-2023,34,South,0,126.44
06-02-2023,24,South,0,113.56
06-02-2023,22,South,0,110.23
06-02-2023,44,North,1,125.88
06-02-2023,24,South,0,117.96
06-02-2023,26,West,0,109.96
06-02-2023,11,South,0,109.91
06-02-2023,34,North,0,123.12
06-02-2023,69,West,1,131.64
06-02-2023,80,East,1,144.17
06-02-2023,36,North,1,119.82
07-02-2023,88,South,1,150.17
07-02-2023,20,West,0,97.89
07-02-2023,28,East,0,112.52
07-02-2023,28,North,0,107.98
07-02-2023,14,West,0,103.25
07-02-2023,65,West,1,141.2
07-02-2023,66,West,1,139.61
07-02-2023,59,North,1,123.1
07-02-2023,36,West,1,120.46
07-02-2023,80,South,1,133.25
07-02-2023,76,North,1,137.69
07-02-2023,58,East,0,123.45
07-02-2023,74,West,1,137.57
07-02-2023,59,East,1,132.55
07-02-2023,67,East,1,129.49
07-02-2023,69,West,1,137.41
08-02-2023,66,East,1,133.75
08-02-2023,82,South,1,136.0
08-02-2023,89,North,1,136.25
08-02-2023,73,West,1,124.4
08-02-2023,16,West,0,100.12
08-02-2023,33,West,0,108.94
08-02-2023,81,South,1,142.31
08-02-2023,52,East,1,124.51
08-02-2023,20,North,0,109.57
08-02-2023,77,West,1,141.37
08-02-2023,58,North,0,135.2
08-02-2023,81,North,1,138.67
08-02-2023,48,South,0,125.34
08-02-2023,46,West,0,121.49
08-02-2023,80,East,1,136.66
09-02-2023,50,South,0,128.45
09-02-2023,87,North,1,140.99
09-02-2023,48,South,0,121.44
09-02-2023,22,South,1,120.42
09-02-2023,79,West,1,130.74
09-02-2023,10,East,0,108.5
09-02-2023,82,West,1,145.42
09-02-2023,53,South,0,128.72
09-02-2023,64,East,1,131.03
09-02-2023,19,North,0,108.8
09-02-2023,64,North,1,131.88
09-02-2023,59,South,1,136.15
09-02-2023,55,North,1,122.24
09-02-2023,75,East,1,135.48
09-02-2023,24,West,0,115.26
09-02-2023,60,East,0,137.44
09-02-2023,18,West,0,110.1
09-02-2023,40,West,1,108.91
10-02-2023,85,East,1,144.62
10-02-2023,38,North,0,124.14
10-02-2023,67,South,1,132.97
10-02-2023,53,North,0,137.92
10-02-2023,16,North,0,109.0
10-02-2023,74,North,1,132.93
10-02-2023,68,East,0,136.25
10-02-2023,26,East,0,105.71
10-02-2023,53,South,0,132.42
10-02-2023,10,South,0,102.68
10-02-2023,30,East,1,104.19
10-02-2023,20,East,1,113.0
11-02-2023,82,South,1,144.15
11-02-2023,28,North,0,106.28
11-02-2023,15,East,0,108.76
11-02-2023,75,East,1,132.37
11-02-2023,77,East,1,138.06
11-02-2023,13,East,0,108.92
11-02-2023,47,North,1,125.3
11-02-2023,39,West,0,123.39
11-02-2023,33,North,1,117.68
11-02-2023,10,South,0,109.42
11-02-2023,61,North,1,132.63
11-02-2023,41,East,0,113.27
11-02-2023,55,East,0,131.11
11-02-2023,17,South,0,113.67
12-02-2023,23,West,0,118.3
12-02-2023,52,North,1,118.25
12-02-2023,28,South,0,114.57
12-02-2023,37,West,0,113.75
12-02-2023,31,North,0,119.49
12-02-2023,74,North,1,138.74
12-02-2023,66,West,1,127.98
12-02-2023,59,North,0,135.51
12-02-2023,31,North,0,119.25
12-02-2023,83,West,1,137.69
12-02-2023,18,South,0,103.17
12-02-2023,80,South,1,138.57
12-02-2023,19,West,0,111.01
12-02-2023,51,East,1,119.08
13-02-2023,45,West,1,118.34
13-02-2023,60,West,1,123.42
13-02-2023,88,West,1,141.33
13-02-2023,58,West,1,126.88
13-02-2023,58,South,1,129.73
13-02-2023,44,West,1,120.13
13-02-2023,38,East,1,113.98
13-02-2023,20,West,0,109.05
13-02-2023,19,South,0,106.81
13-02-2023,14,East,0,101.87
13-02-2023,48,North,0,117.85
14-02-2023,28,East,0,116.46
14-02-2023,62,North,0,132.53
14-02-2023,67,East,1,129.56
14-02-2023,78,South,1,136.98
14-02-2023,71,West,1,127.93
14-02-2023,17,South,0,105.06
14-02-2023,32,North,0,117.47
14-02-2023,32,North,0,115.05
14-02-2023,80,East,1,135.64
14-02-2023,61,South,1,130.26
15-02-2023,80,West,1,140.79
15-02-2023,64,North,0,133.58
15-02-2023,18,South,0,102.29
15-02-2023,37,North,0,112.5
15-02-2023,28,South,0,119.64
15-02-2023,83,North,1,137.38
15-02-2023,77,North,1,131.62
15-02-2023,63,East,1,130.13
15-02-2023,46,East,0,123.68
15-02-2023,83,South,1,146.88
15-02-2023,64,South,0,121.21
15-02-2023,70,North,0,134.43
15-02-2023,45,North,1,123.25
15-02-2023,38,West,0,125.42
15-02-2023,82,West,1,133.26
15-02-2023,30,North,0,111.27
15-02-2023,85,South,1,139.29
15-02-2023,48,North,0,128.43
15-02-2023,49,West,1,126.92
15-02-2023,30,East,0,116.3
15-02-2023,77,West,1,144.77
15-02-2023,13,East,0,95.95
16-02-2023,13,East,0,105.18
16-02-2023,31,North,0,106.3
16-02-2023,53,North,1,125.99
16-02-2023,57,East,1,139.49
16-02-2023,59,South,1,124.77
16-02-2023,78,North,1,142.33
16-02-2023,88,West,1,135.99
16-02-2023,69,West,1,134.66
16-02-2023,62,North,1,129.0
16-02-2023,52,North,1,127.24
16-02-2023,84,South,1,141.28
16-02-2023,62,West,0,132.19
16-02-2023,17,South,0,107.91
17-02-2023,36,West,0,115.15
17-02-2023,67,East,1,135.45
17-02-2023,75,North,1,136.09
17-02-2023,65,North,1,127.51
17-02-2023,59,North,1,126.37
17-02-2023,52,West,0,128.96
17-02-2023,24,South,1,117.45
17-02-2023,60,West,1,140.15
17-02-2023,65,West,1,125.68
17-02-2023,45,West,0,128.1
17-02-2023,82,North,1,140.7
17-02-2023,30,North,0,109.15
17-02-2023,25,North,0,103.08
17-02-2023,14,West,0,107.15
17-02-2023,15,West,0,111.21
17-02-2023,20,West,0,109.34
17-02-2023,34,East,0,121.65
17-02-2023,73,East,1,136.41
17-02-2023,46,North,0,129.81
17-02-2023,26,North,0,110.0
18-02-2023,47,West,0,120.66
18-02-2023,22,South,1,107.66
18-02-2023,27,West,0,117.66
18-02-2023,79,South,1,144.59
18-02-2023,72,South,1,137.95
18-02-2023,54,West,1,123.76
18-02-2023,72,North,1,134.56
18-02-2023,84,East,1,143.62
18-02-2023,39,South,0,120.95
18-02-2023,48,North,0,117.45
18-02-2023,47,West,0,120.96
18-02-2023,31,South,0,114.91
18-02-2023,81,East,1,133.46
18-02-2023,16,East,0,101.65
18-02-2023,81,East,1,136.82
18-02-2023,36,South,1,103.37
18-02-2023,85,South,1,139.83
18-02-2023,28,North,0,116.9
18-02-2023,17,East,0,118.06
18-02-2023,64,East,1,135.15
19-02-2023,15,West,0,110.67
19-02-2023,76,South,1,143.17
19-02-2023,58,South,1,125.36
19-02-2023,23,East,0,122.95
19-02-2023,68,West,1,143.6
19-02-2023,66,South,1,129.51
19-02-2023,63,South,1,133.11
19-02-2023,75,East,1,141.84
19-02-2023,49,South,1,123.76
19-02-2023,68,West,1,131.76
19-02-2023,54,North,0,126.13
19-02-2023,67,North,1,134.65
19-02-2023,40,East,0,118.95
19-02-2023,71,South,1,144.05
19-02-2023,11,West,0,105.69
19-02-2023,68,East,1,130.98
20-02-2023,29,East,0,113.84
20-02-2023,29,East,0,111.25
20-02-2023,25,West,0,111.17
20-02-2023,48,East,0,133.88
20-02-2023,55,East,1,121.76
20-02-2023,26,West,0,117.05
20-02-2023,81,West,1,134.43
20-02-2023,29,West,0,114.87
20-02-2023,72,West,1,153.61
20-02-2023,56,South,0,123.02
20-02-2023,35,South,0,122.37
20-02-2023,66,East,1,137.39
20-02-2023,43,West,0,128.34
20-02-2023,36,North,1,120.98
20-02-2023,71,North,1,143.52
20-02-2023,51,East,0,116.16
20-02-2023,23,North,0,121.02
20-02-2023,56,West,1,128.13
20-02-2023,51,South,1,135.75
21-02-2023,29,South,0,114.59
21-02-2023,11,North,0,103.19
21-02-2023,55,South,1,136.12
21-02-2023,36,East,0,113.29
21-02-2023,59,North,1,129.98
21-02-2023,31,East,0,123.55
21-02-2023,63,West,0,136.26
21-02-2023,67,South,1,135.26
21-02-2023,50,North,1,133.98
21-02-2023,62,North,1,134.57
21-02-2023,58,South,1,123.36
21-02-2023,24,West,0,109.39
21-02-2023,69,South,1,141.62
21-02-2023,47,South,1,112.98
21-02-2023,60,South,1,131.8
21-02-2023,53,West,1,128.19
21-02-2023,10,West,0,107.75
21-02-2023,77,East,1,141.18
22-02-2023,67,West,1,137.96
22-02-2023,10,North,0,102.09
22-02-2023,31,West,0,116.78
22-02-2023,80,West,1,137.21
22-02-2023,75,East,1,132.13
22-02-2023,80,South,1,139.61
22-02-2023,22,North,0,103.92
22-02-2023,47,North,0,121.46
22-02-2023,61,North,1,128.27
22-02-2023,30,North,1,122.18
22-02-2023,34,West,1,116.27
22-02-2023,84,North,1,144.14
22-02-2023,41,East,0,113.24
22-02-2023,68,North,1,143.74
22-02-2023,13,East,0,104.44
22-02-2023,57,South,0,122.06
22-02-2023,24,West,0,117.09
22-02-2023,58,South,1,122.68
22-02-2023,55,East,1,126.04
22-02-2023,63,East,1,136.29
22-02-2023,35,North,0,118.61
23-02-2023,20,North,0,107.45
23-02-2023,35,East,0,117.94
23-02-2023,54,South,1,116.55
23-02-2023,27,North,0,116.27
23-02-2023,17,East,0,108.7
23-02-2023,59,North,0,128.71
23-02-2023,22,West,0,105.48
23-02-2023,15,North,0,112.19
23-02-2023,57,West,0,127.73
23-02-2023,37,West,0,126.87
23-02-2023,11,North,0,101.37
23-02-2023,71,South,1,131.18
23-02-2023,39,North,0,114.7
23-02-2023,26,East,0,109.47
23-02-2023,87,North,1,144.7
23-02-2023,84,West,1,134.37
23-02-2023,14,North,0,108.66
23-02-2023,36,South,0,109.48
23-02-2023,76,North,1,136.27
23-02-2023,17,East,0,108.83
23-02-2023,18,South,0,114.79
24-02-2023,40,South,1,113.99
24-02-2023,64,West,1,125.31
24-02-2023,36,South,0,115.51
24-02-2023,13,East,0,93.73
24-02-2023,65,South,1,135.73
24-02-2023,18,West,0,110.13
24-02-2023,19,West,0,107.03
24-02-2023,22,South,0,106.45
24-02-2023,74,South,1,138.16
24-02-2023,41,South,0,113.59
24-02-2023,67,East,1,125.28
24-02-2023,68,West,1,131.47
24-02-2023,11,West,0,99.97
24-02-2023,39,East,0,118.15
24-02-2023,83,West,0,145.31
24-02-2023,71,South,0,139.57
25-02-2023,51,West,0,133.61
25-02-2023,37,East,0,119.01
25-02-2023,37,North,0,118.9
25-02-2023,69,West,1,136.37
25-02-2023,59,East,1,127.49
25-02-2023,63,East,1,137.59
25-02-2023,63,West,1,129.24
25-02-2023,26,East,0,113.26
25-02-2023,43,East,0,118.63
25-02-2023,45,East,1,127.27
25-02-2023,22,East,0,111.39
26-02-2023,41,East,0,123.6
26-02-2023,25,South,0,106.82
26-02-2023,34,West,0,116.19
26-02-2023,56,West,1,124.8
26-02-2023,36,West,0,120.14
26-02-2023,24,South,0,112.0
26-02-2023,53,South,1,126.29
26-02-2023,16,North,0,109.44
26-02-2023,89,West,1,148.44
26-02-2023,57,North,0,129.66
26-02-2023,67,South,1,135.9
26-02-2023,76,West,1,134.91
26-02-2023,42,East,1,128.33
26-02-2023,67,West,1,127.32
26-02-2023,60,North,1,123.34
27-02-2023,51,North,1,121.48
27-02-2023,42,East,1,109.74
27-02-2023,55,South,0,131.51
27-02-2023,55,West,0,123.96
27-02-2023,87,South,1,137.18
27-02-2023,63,West,0,135.68
27-02-2023,28,West,0,111.98
27-02-2023,53,North,1,123.36
27-02-2023,87,East,1,151.5
27-02-2023,58,North,1,131.05
27-02-2023,71,East,1,138.55
27-02-2023,59,West,1,122.59
27-02-2023,43,West,0,121.31
27-02-2023,39,West,0,115.55
27-02-2023,58,North,1,139.31
27-02-2023,76,North,0,145.94
28-02-2023,59,West,1,129.35
28-02-2023,63,East,1,134.1
28-02-2023,57,East,1,126.22
28-02-2023,73,North,0,142.86
28-02-2023,22,East,0,104.54
28-02-2023,51,South,0,119.52
28-02-2023,53,South,0,126.6
28-02-2023,56,South,1,139.59
28-02-2023,10,North,0,99.73
28-02-2023,67,North,0,136.45
28-02-2023,39,North,0,122.01
28-02-2023,65,East,1,144.57
28-02-2023,76,South,1,145.64
28-02-2023,59,North,1,144.61
28-02-2023,75,East,1,138.58
01-03-2023,70,South,1,135.47
01-03-2023,12,West,0,105.56
01-03-2023,69,East,1,130.18
01-03-2023,26,South,0,107.11
01-03-2023,10,West,0,110.76
01-03-2023,22,South,0,107.96
01-03-2023,27,West,0,112.51
01-03-2023,74,West,1,141.42
01-03-2023,88,South,1,147.12
01-03-2023,37,South,0,108.52
01-03-2023,60,North,1,133.07
01-03-2023,46,East,1,136.64
01-03-2023,57,North,1,126.69
01-03-2023,36,West,0,109.06
01-03-2023,45,South,1,115.69
01-03-2023,24,West,0,107.34
01-03-2023,56,East,0,128.06
01-03-2023,30,North,0,104.58
02-03-2023,87,North,1,147.5
02-03-2023,37,East,1,118.53
02-03-2023,17,South,0,111.74
02-03-2023,62,South,1,134.01
02-03-2023,79,East,1,128.88
02-03-2023,42,North,0,129.35
02-03-2023,54,West,1,127.5
02-03-2023,85,South,1,135.88
02-03-2023,88,East,1,143.94
02-03-2023,38,South,1,117.45
02-03-2023,47,West,1,128.48
02-03-2023,66,South,1,134.0
03-03-2023,24,North,0,103.46
03-03-2023,50,South,1,123.55
03-03-2023,82,South,1,132.37
03-03-2023,54,West,1,131.23
03-03-2023,79,East,1,134.19
03-03-2023,12,North,0,96.54
03-03-2023,76,West,1,139.21
03-03-2023,39,South,0,116.67
03-03-2023,49,West,0,124.96
03-03-2023,31,North,0,105.21
03-03-2023,21,East,0,107.65
03-03-2023,74,West,1,129.65
03-03-2023,46,North,1,127.87
03-03-2023,47,East,0,128.3
03-03-2023,22,North,0,110.94
04-03-2023,80,South,1,132.81
04-03-2023,62,South,1,126.93
04-03-2023,75,West,1,149.14
04-03-2023,37,East,0,119.56
04-03-2023,50,West,0,128.89
04-03-2023,87,East,1,141.01
04-03-2023,46,North,0,123.38
04-03-2023,19,South,0,114.27
04-03-2023,64,West,1,130.24
04-03-2023,80,West,1,141.77
04-03-2023,65,North,1,131.49
04-03-2023,25,East,0,116.13
05-03-2023,53,West,1,115.97
05-03-2023,47,East,0,122.82
05-03-2023,45,North,1,120.01
05-03-2023,45,South,0,119.39
05-03-2023,75,East,1,131.67
05-03-2023,73,South,0,136.02
05-03-2023,35,North,0,118.98
05-03-2023,34,East,0,116.99
05-03-2023,80,West,1,144.21
05-03-2023,79,West,1,139.41
05-03-2023,46,East,0,121.93
05-03-2023,10,North,0,113.96
05-03-2023,89,South,1,139.69
05-03-2023,62,North,1,131.79
05-03-2023,18,West,0,114.66
05-03-2023,24,West,0,112.13
05-03-2023,11,South,0,107.7
06-03-2023,14,East,0,111.15
06-03-2023,48,South,0,120.92
06-03-2023,57,West,1,121.37
06-03-2023,62,East,1,127.18
06-03-2023,62,South,1,123.2
06-03-2023,51,West,0,130.6
06-03-2023,20,North,0,102.43
06-03-2023,45,East,0,122.93
06-03-2023,42,West,0,119.08
06-03-2023,22,West,1,104.13
06-03-2023,30,East,0,103.36
06-03-2023,40,West,1,120.75
06-03-2023,16,East,0,106.37
06-03-2023,71,East,1,132.0
07-03-2023,88,South,1,152.33
07-03-2023,11,West,0,102.61
07-03-2023,50,East,0,122.35
07-03-2023,53,South,1,122.98
07-03-2023,73,West,1,133.66
07-03-2023,77,South,1,145.89
07-03-2023,79,North,1,143.76
07-03-2023,63,East,1,129.86
07-03-2023,56,North,0,131.92
07-03-2023,85,West,1,140.35
07-03-2023,30,East,1,114.71
07-03-2023,25,South,0,111.09
07-03-2023,64,North,0,126.35
07-03-2023,74,West,1,142.05
07-03-2023,25,East,0,116.51
07-03-2023,49,North,1,132.96
07-03-2023,75,South,1,138.13
07-03-2023,26,South,0,105.15
07-03-2023,35,East,1,115.44
07-03-2023,54,West,0,120.42
07-03-2023,73,East,1,141.67
07-03-2023,42,West,1,122.47
08-03-2023,46,North,0,123.83
08-03-2023,56,West,0,123.02
08-03-2023,37,North,0,115.85
08-03-2023,38,West,0,116.05
08-03-2023,74,East,1,135.1
08-03-2023,32,North,0,119.81
08-03-2023,45,South,0,119.94
08-03-2023,71,West,1,137.23
08-03-2023,23,East,0,128.87
09-03-2023,66,North,1,141.57
09-03-2023,38,West,0,114.49
09-03-2023,24,West,0,110.64
09-03-2023,53,North,0,119.92
09-03-2023,47,North,0,118.87
09-03-2023,71,West,1,134.18
09-03-2023,69,East,1,123.64
09-03-2023,21,North,0,112.09
09-03-2023,39,South,0,127.63
09-03-2023,16,West,0,105.2
09-03-2023,80,North,1,137.92
09-03-2023,56,North,0,138.14
09-03-2023,70,North,1,134.77
09-03-2023,89,North,1,137.41
09-03-2023,83,South,1,139.15
10-03-2023,47,North,0,130.73
10-03-2023,56,West,0,136.8
10-03-2023,23,South,1,114.16
10-03-2023,21,West,1,112.55
10-03-2023,70,West,1,137.48
10-03-2023,19,North,1,109.83
10-03-2023,64,East,1,133.22
10-03-2023,89,South,1,153.78
10-03-2023,20,South,0,117.94
10-03-2023,20,West,0,106.17
10-03-2023,68,East,0,135.26
11-03-2023,27,West,0,110.01
11-03-2023,13,South,0,111.54
11-03-2023,52,East,1,133.01
11-03-2023,12,East,0,106.26
11-03-2023,54,North,1,128.98
11-03-2023,51,East,1,120.95
11-03-2023,87,South,1,139.71
11-03-2023,71,South,1,131.47
11-03-2023,58,East,1,134.01
11-03-2023,36,South,0,114.51
11-03-2023,57,North,0,126.72
11-03-2023,27,West,0,112.92
11-03-2023,33,East,0,116.46
11-03-2023,18,North,0,112.78
11-03-2023,26,East,0,123.28
11-03-2023,25,East,0,109.05
12-03-2023,75,East,0,137.14
12-03-2023,20,West,0,108.56
12-03-2023,15,North,0,102.89
12-03-2023,29,West,1,122.22
12-03-2023,53,South,1,129.29
12-03-2023,65,West,1,132.42
12-03-2023,87,East,1,137.44
12-03-2023,63,North,1,128.76
12-03-2023,68,East,1,129.76
12-03-2023,61,South,0,130.83
12-03-2023,64,South,1,132.75
12-03-2023,23,West,0,116.05
13-03-2023,52,West,1,133.25
13-03-2023,58,North,0,125.99
13-03-2023,67,South,1,132.47
13-03-2023,23,South,0,115.37
13-03-2023,25,South,0,122.15
13-03-2023,61,North,1,142.52
13-03-2023,85,North,1,145.4
13-03-2023,31,East,0,103.24
13-03-2023,34,North,0,119.33
13-03-2023,78,South,1,138.18
13-03-2023,19,West,0,113.17
13-03-2023,49,South,0,117.44
13-03-2023,66,South,1,140.2
13-03-2023,29,North,0,115.27
13-03-2023,77,West,1,144.88
13-03-2023,29,South,0,103.74
13-03-2023,72,West,1,136.34
13-03-2023,17,South,0,105.91
13-03-2023,82,West,0,144.3
13-03-2023,28,East,0,110.53
13-03-2023,48,West,0,120.2
13-03-2023,43,West,0,113.8
13-03-2023,67,North,1,139.48
13-03-2023,81,East,1,145.18
14-03-2023,73,South,1,125.93
14-03-2023,63,North,0,121.77
14-03-2023,48,East,0,126.81
14-03-2023,87,East,1,143.52
14-03-2023,44,South,1,125.41
14-03-2023,52,West,1,123.03
14-03-2023,67,North,1,133.9
14-03-2023,26,North,0,105.88
14-03-2023,75,North,1,135.6
14-03-2023,22,North,0,111.36
14-03-2023,74,North,0,145.97
14-03-2023,67,North,1,129.54
14-03-2023,60,North,0,129.55
14-03-2023,84,South,1,138.15
14-03-2023,52,West,1,123.2
14-03-2023,86,North,1,139.85
14-03-2023,61,South,1,130.77
14-03-2023,62,East,1,122.88
14-03-2023,83,North,1,133.54
15-03-2023,36,South,0,129.06
15-03-2023,63,North,1,137.06
15-03-2023,70,South,0,133.82
15-03-2023,10,East,0,102.85
15-03-2023,32,East,1,113.82
15-03-2023,15,East,0,105.72
15-03-2023,54,South,1,121.77
15-03-2023,56,West,1,131.1
15-03-2023,35,North,0,112.48
15-03-2023,64,East,1,120.42
15-03-2023,23,East,0,113.9
15-03-2023,39,North,0,123.89
15-03-2023,28,North,0,118.4
15-03-2023,60,South,1,137.75
15-03-2023,88,North,1,129.35
15-03-2023,18,West,0,111.42
15-03-2023,34,East,1,109.53
15-03-2023,77,West,1,144.28
15-03-2023,33,South,1,117.66
15-03-2023,23,West,0,113.92
16-03-2023,46,North,0,126.23
16-03-2023,60,East,1,130.33
16-03-2023,27,West,1,109.9
16-03-2023,62,North,1,124.97
16-03-2023,80,North,1,140.56
16-03-2023,21,South,0,109.72
16-03-2023,67,South,1,139.88
16-03-2023,20,South,0,105.13
16-03-2023,19,West,0,111.67
16-03-2023,53,South,0,124.48
16-03-2023,81,East,1,142.61
16-03-2023,73,East,1,136.72
16-03-2023,35,East,0,111.56
16-03-2023,53,South,0,122.04
16-03-2023,85,South,1,141.5
16-03-2023,18,North,0,107.89
16-03-2023,88,West,1,133.5
16-03-2023,83,North,1,146.33
16-03-2023,19,North,0,109.52
16-03-2023,82,West,1,136.18
16-03-2023,80,East,1,141.1
16-03-2023,25,North,0,115.76
16-03-2023,51,North,1,122.91
16-03-2023,13,South,0,118.44
16-03-2023,71,East,1,136.46
16-03-2023,82,East,1,142.81
16-03-2023,13,West,0,99.94
16-03-2023,28,East,0,116.09
16-03-2023,38,South,0,121.54
17-03-2023,14,North,0,106.41
17-03-2023,43,East,0,121.2
17-03-2023,82,North,1,145.52
17-03-2023,27,South,0,112.85
17-03-2023,11,West,0,113.4
17-03-2023,83,East,1,155.35
17-03-2023,68,North,0,134.45
17-03-2023,22,North,0,110.28
17-03-2023,16,South,0,102.9
17-03-2023,68,East,1,132.53
17-03-2023,13,South,0,120.32
17-03-2023,66,West,1,129.18
18-03-2023,74,North,1,140.43
18-03-2023,32,West,0,125.61
18-03-2023,50,West,1,124.75
18-03-2023,77,East,1,144.22
18-03-2023,13,South,0,111.18
18-03-2023,30,East,0,120.67
18-03-2023,66,South,1,136.63
18-03-2023,10,West,0,110.01
18-03-2023,77,North,1,134.94
18-03-2023,20,East,0,118.94
18-03-2023,34,South,0,109.76
18-03-2023,36,South,1,123.07
18-03-2023,10,North,0,107.76
18-03-2023,74,East,1,125.5
18-03-2023,11,East,0,104.67
18-03-2023,63,North,1,136.15
18-03-2023,41,North,1,123.01
18-03-2023,34,West,1,110.27
18-03-2023,42,East,0,116.18
18-03-2023,85,South,1,140.08
18-03-2023,49,East,1,122.88
18-03-2023,46,East,0,125.17
18-03-2023,63,North,1,144.44
18-03-2023,64,North,1,130.06
19-03-2023,74,South,1,142.9
19-03-2023,59,North,0,133.27
19-03-2023,59,East,1,125.77
19-03-2023,48,East,0,124.46
19-03-2023,76,West,1,135.73
19-03-2023,62,North,1,139.6
19-03-2023,52,West,0,121.84
19-03-2023,72,South,1,140.04
19-03-2023,66,North,1,133.88
19-03-2023,15,North,0,111.64
19-03-2023,82,North,1,143.61
19-03-2023,13,East,0,107.4
19-03-2023,12,South,0,96.75
19-03-2023,31,North,0,116.61
19-03-2023,28,West,0,114.42
19-03-2023,36,North,0,125.17
19-03-2023,75,East,1,131.22
20-03-2023,76,West,1,138.93
20-03-2023,64,East,1,131.29
20-03-2023,13,West,0,99.28
20-03-2023,15,East,0,103.28
20-03-2023,82,South,1,137.56
20-03-2023,44,South,0,117.41
20-03-2023,76,East,1,137.33
20-03-2023,51,North,0,123.44
20-03-2023,34,West,0,121.9
20-03-2023,58,South,1,132.94
20-03-2023,30,North,0,115.67
20-03-2023,15,West,0,94.21
20-03-2023,15,North,0,110.18
20-03-2023,62,South,1,131.95
21-03-2023,47,South,0,125.12
21-03-2023,84,South,1,128.22
21-03-2023,43,North,0,116.36
21-03-2023,13,East,0,109.44
21-03-2023,32,West,0,114.03
21-03-2023,30,North,0,110.4
21-03-2023,19,South,0,114.86
21-03-2023,26,West,0,110.18
21-03-2023,84,East,1,136.34
21-03-2023,89,South,1,138.38
22-03-2023,23,East,0,96.25
22-03-2023,32,East,0,113.91
22-03-2023,44,East,0,114.93
22-03-2023,87,East,1,141.63
22-03-2023,14,North,0,106.65
22-03-2023,54,North,1,127.76
22-03-2023,71,West,1,136.21
22-03-2023,24,East,0,120.55
22-03-2023,25,North,1,114.18
22-03-2023,19,East,0,94.85
22-03-2023,52,West,0,118.28
22-03-2023,55,North,0,134.53
22-03-2023,24,West,0,113.27
23-03-2023,43,East,0,118.88
23-03-2023,64,North,1,133.22
23-03-2023,61,North,1,117.85
23-03-2023,61,North,1,130.5
23-03-2023,50,West,0,128.75
23-03-2023,65,North,1,126.32
23-03-2023,81,West,1,130.0
23-03-2023,73,South,1,132.46
23-03-2023,51,North,0,121.13
23-03-2023,47,West,0,124.87
23-03-2023,65,South,1,133.01
23-03-2023,89,South,1,133.47
23-03-2023,24,East,0,110.46
23-03-2023,20,South,0,111.04
23-03-2023,29,North,0,101.48
23-03-2023,17,North,0,119.23
23-03-2023,73,South,1,137.04
23-03-2023,76,South,0,141.45
23-03-2023,65,West,1,134.18
23-03-2023,85,South,1,136.41
23-03-2023,17,North,0,105.46
23-03-2023,57,North,0,121.05
23-03-2023,74,North,1,135.54
23-03-2023,52,South,0,120.52
23-03-2023,68,North,1,132.11
23-03-2023,14,West,0,98.07
24-03-2023,29,South,0,102.74
24-03-2023,56,East,0,126.6
24-03-2023,49,South,1,125.53
24-03-2023,32,North,1,111.35
24-03-2023,38,West,0,117.38
24-03-2023,58,West,1,126.34
24-03-2023,52,North,1,126.62
24-03-2023,26,North,0,114.85
24-03-2023,10,South,0,103.99
24-03-2023,26,South,0,110.95
24-03-2023,87,South,1,153.87
24-03-2023,44,North,1,123.54
24-03-2023,88,North,1,143.44
24-03-2023,18,East,0,105.7
24-03-2023,80,West,1,140.24
24-03-2023,36,North,1,119.45
24-03-2023,55,South,0,128.84
24-03-2023,86,West,1,147.32
25-03-2023,59,North,1,123.22
25-03-2023,31,North,0,106.03
25-03-2023,86,North,1,145.36
25-03-2023,46,West,0,133.74
25-03-2023,48,West,1,123.45
25-03-2023,19,South,0,100.5
25-03-2023,79,West,1,139.93
25-03-2023,64,East,0,135.91
25-03-2023,66,West,1,130.35
25-03-2023,82,West,1,146.25
25-03-2023,45,North,0,125.03
25-03-2023,37,East,1,116.22
25-03-2023,80,North,1,141.06
25-03-2023,66,West,1,134.27
25-03-2023,89,West,1,141.36
25-03-2023,63,West,1,133.45
26-03-2023,76,North,1,134.56
26-03-2023,71,South,1,142.67
26-03-2023,34,West,0,110.99
26-03-2023,64,South,1,139.2
26-03-2023,58,West,0,132.08
26-03-2023,54,East,1,121.09
26-03-2023,89,East,1,158.78
26-03-2023,64,East,1,136.46
26-03-2023,82,North,1,143.54
26-03-2023,23,East,0,104.28
26-03-2023,53,South,1,127.78
26-03-2023,20,West,0,109.88
26-03-2023,49,East,0,130.1
26-03-2023,69,West,1,138.13
26-03-2023,88,East,1,143.69
27-03-2023,14,West,0,97.4
27-03-2023,70,East,0,134.82
27-03-2023,69,West,1,134.71
27-03-2023,22,West,0,115.22
27-03-2023,73,West,1,136.18
27-03-2023,49,West,1,129.61
27-03-2023,32,East,1,113.18
27-03-2023,23,West,0,106.65
27-03-2023,66,South,1,128.71
27-03-2023,61,East,1,128.23
27-03-2023,41,South,0,121.02
27-03-2023,40,South,0,114.95
27-03-2023,16,North,0,111.04
27-03-2023,83,North,1,142.17
27-03-2023,31,South,0,121.14
27-03-2023,66,West,1,129.69
27-03-2023,22,West,0,109.85
27-03-2023,78,North,1,134.62
27-03-2023,59,West,1,126.16
28-03-2023,62,West,1,138.49
28-03-2023,23,East,0,109.9
28-03-2023,68,West,0,129.82
28-03-2023,46,North,1,127.38
28-03-2023,67,South,0,138.66
28-03-2023,25,North,0,108.3
28-03-2023,61,South,0,134.28
28-03-2023,36,East,0,113.26
28-03-2023,80,East,1,133.02
28-03-2023,69,West,1,138.92
28-03-2023,50,North,1,132.61
28-03-2023,64,East,0,140.63
28-03-2023,28,South,0,116.12
28-03-2023,22,North,0,106.59
29-03-2023,72,North,1,135.01
29-03-2023,21,South,0,106.13
29-03-2023,52,West,0,123.88
29-03-2023,15,North,0,101.9
29-03-2023,48,East,0,121.96
29-03-2023,34,East,0,107.39
29-03-2023,79,North,1,139.0
29-03-2023,51,South,1,126.0
29-03-2023,15,East,0,105.16
29-03-2023,23,West,0,109.33
29-03-2023,26,North,0,120.76
29-03-2023,12,West,0,104.58
29-03-2023,67,North,1,134.42
29-03-2023,22,North,0,111.03
29-03-2023,37,West,0,114.76
29-03-2023,13,East,0,101.09
29-03-2023,61,West,1,147.03
29-03-2023,40,North,1,121.37
29-03-2023,24,East,0,117.78
29-03-2023,62,East,0,137.45
30-03-2023,88,West,1,146.5
30-03-2023,52,North,1,128.13
30-03-2023,66,West,1,130.34
30-03-2023,42,South,0,128.28
30-03-2023,75,North,1,141.65
30-03-2023,63,South,0,129.33
30-03-2023,28,North,0,98.43
30-03-2023,17,South,0,109.84
30-03-2023,26,South,0,110.29
30-03-2023,34,West,0,110.7
30-03-2023,29,North,0,110.74
30-03-2023,65,North,0,138.6
30-03-2023,61,South,1,129.0
30-03-2023,22,West,0,111.88
30-03-2023,18,North,0,111.47
30-03-2023,16,East,1,105.09
30-03-2023,83,South,1,135.37
31-03-2023,81,East,1,145.1
31-03-2023,50,South,0,116.62
31-03-2023,20,South,0,105.53
31-03-2023,42,North,1,111.11
31-03-2023,45,South,1,123.79
31-03-2023,39,North,0,120.1
31-03-2023,64,West,1,118.75
31-03-2023,39,East,0,128.2
31-03-2023,62,East,1,129.95
31-03-2023,62,South,0,131.69
31-03-2023,66,North,0,133.84
31-03-2023,66,South,1,135.79
31-03-2023,27,West,0,114.89
31-03-2023,18,East,0,107.27
31-03-2023,52,West,1,125.34
31-03-2023,43,East,0,127.71
01-04-2023,16,West,0,102.98
01-04-2023,44,East,1,125.71
01-04-2023,48,North,1,129.45
01-04-2023,34,West,0,128.06
01-04-2023,46,South,0,122.8
01-04-2023,81,East,1,132.52
01-04-2023,57,North,0,129.91
01-04-2023,48,West,1,127.96
01-04-2023,66,East,1,129.83
01-04-2023,31,West,0,113.0
01-04-2023,25,East,0,109.5
01-04-2023,75,East,0,140.35
01-04-2023,41,South,0,122.93
02-04-2023,25,West,0,118.36
02-04-2023,54,North,0,124.58
02-04-2023,32,South,0,113.13
02-04-2023,11,West,0,97.0
02-04-2023,32,East,0,118.29
02-04-2023,19,East,0,109.38
02-04-2023,66,West,0,131.88
02-04-2023,57,West,1,133.26
02-04-2023,39,West,1,117.15
02-04-2023,33,West,1,109.08
02-04-2023,23,West,0,112.95
02-04-2023,29,East,0,109.96
02-04-2023,34,South,0,122.05
02-04-2023,10,East,0,103.4
02-04-2023,82,East,0,137.41
02-04-2023,66,South,1,142.36
02-04-2023,69,East,1,141.81
02-04-2023,34,West,0,116.01
02-04-2023,81,East,1,130.47
02-04-2023,45,West,0,122.95
02-04-2023,10,South,0,98.67
02-04-2023,72,East,1,139.46
02-04-2023,88,North,1,147.03
02-04-2023,53,North,0,131.5
02-04-2023,39,North,0,120.8
03-04-2023,66,West,1,132.67
03-04-2023,53,South,1,120.92
03-04-2023,52,West,0,128.99
03-04-2023,32,East,0,120.57
03-04-2023,56,South,1,130.01
03-04-2023,52,West,1,126.44
03-04-2023,48,East,0,126.53
03-04-2023,22,West,0,118.77
03-04-2023,68,East,1,141.63
03-04-2023,34,North,0,119.55
03-04-2023,76,West,1,136.12
03-04-2023,78,East,1,140.97
03-04-2023,37,East,0,112.1
03-04-2023,10,North,0,104.64
03-04-2023,32,North,0,116.53
03-04-2023,56,West,1,127.74
04-04-2023,18,North,0,102.25
04-04-2023,11,West,0,105.65
04-04-2023,47,South,0,121.06
04-04-2023,20,South,0,109.12
04-04-2023,18,East,1,119.16
04-04-2023,57,South,1,129.34
04-04-2023,78,North,1,144.57
04-04-2023,26,East,0,117.06
04-04-2023,12,North,0,101.11
04-04-2023,74,West,1,140.8
04-04-2023,27,West,0,107.51
04-04-2023,14,East,0,107.12
04-04-2023,79,East,1,132.27
04-04-2023,48,North,0,126.35
04-04-2023,42,East,0,137.97
04-04-2023,53,South,0,125.03
04-04-2023,82,North,0,128.48
04-04-2023,35,North,0,114.57
04-04-2023,72,North,1,143.28
04-04-2023,79,North,1,141.13
04-04-2023,81,North,1,141.62
04-04-2023,60,West,1,126.9
04-04-2023,18,East,0,111.71
04-04-2023,49,East,0,133.46
05-04-2023,88,East,1,149.32
05-04-2023,34,North,0,119.22
05-04-2023,53,North,1,125.13
05-04-2023,13,South,0,105.99
05-04-2023,89,North,1,147.5
05-04-2023,81,East,1,140.87
05-04-2023,55,North,1,123.29
05-04-2023,27,South,0,116.12
05-04-2023,22,East,0,118.87
05-04-2023,21,North,0,111.06
05-04-2023,35,East,0,117.29
05-04-2023,87,North,1,144.97
06-04-2023,16,North,0,108.1
06-04-2023,86,East,1,137.02
06-04-2023,54,South,1,132.12
06-04-2023,41,West,0,126.06
06-04-2023,32,North,0,114.12
06-04-2023,72,South,1,133.86
06-04-2023,73,South,1,131.9
06-04-2023,12,North,0,116.71
06-04-2023,15,North,0,108.82
06-04-2023,73,North,1,134.26
06-04-2023,45,East,1,115.36
06-04-2023,88,East,1,141.8
06-04-2023,13,South,0,99.73
07-04-2023,21,North,0,116.08
07-04-2023,34,East,0,124.07
07-04-2023,34,South,0,114.84
07-04-2023,32,North,0,113.72
07-04-2023,82,East,1,150.61
07-04-2023,88,South,1,146.46
07-04-2023,55,South,0,122.19
07-04-2023,47,East,0,129.22
07-04-2023,40,East,1,120.62
07-04-2023,65,South,1,137.96
07-04-2023,43,North,0,115.53
07-04-2023,59,South,0,119.32
07-04-2023,87,East,1,148.85
07-04-2023,27,South,0,118.93
07-04-2023,88,West,1,145.2
07-04-2023,67,North,1,138.44
07-04-2023,73,North,1,132.22
08-04-2023,55,South,0,126.67
08-04-2023,18,West,0,111.6
08-04-2023,52,West,1,118.86
08-04-2023,30,East,0,104.16
08-04-2023,12,East,0,109.17
08-04-2023,86,West,1,137.28
08-04-2023,19,West,0,111.23
08-04-2023,65,North,1,135.28
08-04-2023,61,West,1,134.06
08-04-2023,48,East,0,123.76
08-04-2023,22,North,0,123.13
08-04-2023,67,West,1,139.79
08-04-2023,49,West,0,124.38
08-04-2023,12,North,0,114.96
08-04-2023,57,South,1,130.03
08-04-2023,44,South,0,125.96
08-04-2023,64,North,1,132.26
09-04-2023,46,North,1,119.52
09-04-2023,54,South,1,126.56
09-04-2023,43,North,1,125.08
09-04-2023,40,West,1,126.16
09-04-2023,55,East,1,129.41
09-04-2023,16,North,0,107.5
09-04-2023,68,North,1,133.03
09-04-2023,87,East,1,152.09
09-04-2023,81,South,1,139.86
09-04-2023,19,East,0,107.51
09-04-2023,56,West,1,125.54
09-04-2023,15,East,0,101.2
09-04-2023,77,South,1,135.67
09-04-2023,56,South,0,129.63
10-04-2023,62,West,0,140.5
10-04-2023,78,West,1,137.62
10-04-2023,70,East,0,127.88
10-04-2023,86,East,1,140.25
10-04-2023,15,South,0,104.14
10-04-2023,84,North,1,142.18
10-04-2023,77,North,1,136.21
10-04-2023,89,North,1,147.24
10-04-2023,33,South,0,123.95
10-04-2023,34,West,0,114.46
10-04-2023,43,East,0,115.39
10-04-2023,64,South,0,133.83
10-04-2023,84,North,1,136.64
11-04-2023,36,South,0,122.8
11-04-2023,25,North,0,118.58
11-04-2023,63,West,1,133.49
11-04-2023,35,West,0,120.07
11-04-2023,88,West,1,143.05
11-04-2023,50,South,1,125.83
11-04-2023,55,West,1,129.68
11-04-2023,19,North,0,106.21
11-04-2023,37,East,0,116.32
11-04-2023,61,East,0,135.44
11-04-2023,48,East,1,129.43
11-04-2023,36,South,1,112.1
11-04-2023,84,West,1,137.7
11-04-2023,59,West,1,124.59
12-04-2023,44,West,0,122.59
12-04-2023,61,East,1,127.66
12-04-2023,43,East,0,130.38
12-04-2023,13,North,0,106.18
12-04-2023,50,West,0,129.09
12-04-2023,26,South,1,114.78
12-04-2023,18,South,0,105.82
12-04-2023,37,North,0,116.64
12-04-2023,51,East,1,127.97
12-04-2023,14,West,0,115.18
12-04-2023,85,West,1,134.4
12-04-2023,24,North,0,112.12
12-04-2023,17,North,0,111.11
12-04-2023,52,North,1,125.11
12-04-2023,30,South,0,119.38
12-04-2023,62,North,0,129.3
12-04-2023,28,South,0,113.26
12-04-2023,57,West,1,127.56
12-04-2023,73,North,1,146.62
12-04-2023,65,East,1,125.17
13-04-2023,33,North,0,120.21
13-04-2023,82,West,1,129.52
13-04-2023,57,East,0,132.26
13-04-2023,40,North,0,117.8
13-04-2023,73,North,1,131.78
13-04-2023,15,East,0,112.54
13-04-2023,58,South,1,125.66
13-04-2023,28,West,0,118.7
13-04-2023,83,South,1,138.48
13-04-2023,86,North,1,143.26
13-04-2023,28,East,0,114.62
13-04-2023,69,South,1,142.92
13-04-2023,25,East,0,110.84
13-04-2023,88,West,1,148.53
13-04-2023,18,South,0,110.42
14-04-2023,26,West,0,114.91
14-04-2023,67,East,1,131.36
14-04-2023,34,East,0,111.31
14-04-2023,40,West,1,122.81
14-04-2023,69,North,1,132.33
14-04-2023,51,South,0,119.32
14-04-2023,29,East,0,109.85
14-04-2023,84,West,1,143.58
14-04-2023,60,North,0,124.75
14-04-2023,88,West,1,134.05
14-04-2023,75,South,1,137.54
14-04-2023,37,North,0,120.21
14-04-2023,66,East,1,139.42
14-04-2023,41,West,0,127.17
15-04-2023,60,East,0,128.39
15-04-2023,39,East,1,116.24
15-04-2023,13,West,0,112.66
15-04-2023,81,North,1,132.41
15-04-2023,69,West,0,136.99
15-04-2023,44,West,0,109.29
15-04-2023,35,East,0,130.67
15-04-2023,55,East,0,128.42
15-04-2023,88,North,1,149.17
15-04-2023,68,North,1,132.56
15-04-2023,43,West,1,113.24
15-04-2023,29,North,0,108.37
15-04-2023,82,South,1,137.44
15-04-2023,72,North,1,136.71
15-04-2023,70,South,0,125.48
15-04-2023,79,East,1,139.82
15-04-2023,20,West,0,109.65
15-04-2023,82,North,1,144.24
15-04-2023,28,North,0,107.71
15-04-2023,38,East,1,121.38
15-04-2023,66,East,0,140.14
15-04-2023,48,West,0,124.7
15-04-2023,73,North,1,132.76
16-04-2023,41,West,0,121.24
16-04-2023,23,North,0,115.12
16-04-2023,43,South,1,125.13
16-04-2023,78,East,1,146.29
16-04-2023,85,East,1,149.13
16-04-2023,22,West,0,104.57
16-04-2023,87,South,1,148.65
16-04-2023,46,East,0,127.39
16-04-2023,71,North,1,127.34
16-04-2023,25,West,0,116.43
16-04-2023,47,West,1,130.34
16-04-2023,44,East,0,118.2
16-04-2023,40,West,0,122.78
16-04-2023,33,South,0,116.1
16-04-2023,40,North,0,126.96
16-04-2023,70,North,1,131.29
16-04-2023,17,South,0,110.8
17-04-2023,78,East,1,130.97
17-04-2023,14,West,0,101.5
17-04-2023,83,West,1,142.01
17-04-2023,69,North,1,135.68
17-04-2023,47,East,0,121.74
17-04-2023,64,North,1,134.16
17-04-2023,42,South,0,115.66
17-04-2023,30,East,1,108.7
17-04-2023,23,East,0,108.18
17-04-2023,22,South,0,102.52
17-04-2023,79,North,1,153.51
17-04-2023,86,East,1,144.04
17-04-2023,10,West,0,113.27
18-04-2023,32,South,0,122.65
18-04-2023,27,East,0,110.3
18-04-2023,17,East,0,113.17
18-04-2023,15,South,0,106.38
18-04-2023,32,South,1,118.14
18-04-2023,26,West,0,117.94
18-04-2023,54,North,1,126.95
18-04-2023,82,North,1,139.7
18-04-2023,80,North,1,136.41
18-04-2023,51,West,1,130.61
18-04-2023,12,South,0,104.1
18-04-2023,48,West,0,133.44
18-04-2023,17,South,0,109.6
18-04-2023,73,West,1,128.43
18-04-2023,67,East,1,126.26
18-04-2023,66,West,1,133.43
18-04-2023,55,West,0,132.48
18-04-2023,24,West,0,114.21
18-04-2023,83,East,1,133.27
19-04-2023,31,South,1,121.18
19-04-2023,21,East,0,104.57
19-04-2023,57,East,1,134.86
19-04-2023,28,North,0,120.22
19-04-2023,62,North,1,134.33
19-04-2023,63,West,0,129.44
19-04-2023,78,West,1,137.63
19-04-2023,71,East,1,134.41
19-04-2023,86,South,1,134.23
19-04-2023,44,North,0,127.24
20-04-2023,37,South,0,109.21
20-04-2023,42,West,0,120.21
20-04-2023,72,West,1,126.57
20-04-2023,14,North,0,112.83
20-04-2023,28,North,0,113.35
20-04-2023,34,South,0,127.29
20-04-2023,26,East,0,111.19
20-04-2023,12,North,0,114.07
20-04-2023,69,East,1,129.79
20-04-2023,14,South,0,113.16
20-04-2023,28,East,1,110.65
20-04-2023,42,North,0,120.12
20-04-2023,45,North,1,122.03
20-04-2023,54,West,1,133.85
20-04-2023,16,East,0,103.4
20-04-2023,36,West,1,121.48
20-04-2023,30,West,0,119.94
20-04-2023,15,North,0,110.12
21-04-2023,36,East,1,125.06
21-04-2023,56,West,1,127.76
21-04-2023,32,North,0,120.74
21-04-2023,20,West,0,110.56
21-04-2023,58,South,0,127.38
21-04-2023,57,North,1,139.54
21-04-2023,51,West,1,130.56
21-04-2023,15,North,0,98.55
21-04-2023,19,North,0,103.86
21-04-2023,66,West,1,136.38
21-04-2023,88,West,1,137.74
21-04-2023,66,South,1,134.87
21-04-2023,84,South,1,150.56
21-04-2023,89,North,1,144.55
21-04-2023,30,West,0,109.91
21-04-2023,83,South,1,143.53
21-04-2023,49,South,0,124.29
21-04-2023,75,East,1,133.03
21-04-2023,66,South,1,132.16
21-04-2023,24,South,0,109.4
22-04-2023,38,South,1,118.06
22-04-2023,69,West,1,125.73
22-04-2023,66,East,1,138.44
22-04-2023,80,East,1,142.38
22-04-2023,49,West,1,120.43
22-04-2023,60,East,1,136.31
22-04-2023,76,South,1,134.73
22-04-2023,66,East,1,133.18
22-04-2023,56,East,0,120.43
22-04-2023,70,North,1,135.86
22-04-2023,75,North,1,126.77
22-04-2023,24,West,0,123.83
22-04-2023,88,South,1,138.75
22-04-2023,63,South,1,125.61
23-04-2023,18,North,0,112.21
23-04-2023,49,East,0,119.83
23-04-2023,68,East,1,137.35
23-04-2023,21,South,0,108.61
23-04-2023,74,South,1,145.02
23-04-2023,29,East,0,117.59
23-04-2023,22,East,0,108.5
23-04-2023,83,South,1,129.1
23-04-2023,20,North,0,110.32
23-04-2023,33,West,0,113.7
23-04-2023,26,West,0,109.66
23-04-2023,29,South,0,112.8
23-04-2023,32,North,0,119.2
23-04-2023,49,East,1,117.01
23-04-2023,77,East,1,138.09
23-04-2023,51,East,1,122.92
23-04-2023,27,North,0,116.65
24-04-2023,38,West,0,114.1
24-04-2023,32,North,0,109.35
24-04-2023,88,East,1,146.47
24-04-2023,64,South,1,134.62
24-04-2023,33,East,0,118.41
24-04-2023,13,South,0,104.18
24-04-2023,24,West,0,120.91
24-04-2023,76,West,1,141.49
24-04-2023,22,West,0,114.29
24-04-2023,61,North,1,147.29
24-04-2023,26,North,0,110.01
24-04-2023,14,North,0,105.53
24-04-2023,85,East,1,138.98
25-04-2023,34,East,0,123.73
25-04-2023,83,North,1,147.92
25-04-2023,38,South,0,112.72
25-04-2023,41,West,0,114.49
25-04-2023,54,North,1,129.24
25-04-2023,56,East,0,126.25
25-04-2023,42,South,0,121.26
25-04-2023,83,South,1,140.65
25-04-2023,37,South,0,110.3
25-04-2023,24,South,0,116.31
25-04-2023,68,South,1,123.38
25-04-2023,83,North,1,137.49
25-04-2023,56,West,0,132.62
25-04-2023,32,West,0,110.95
25-04-2023,58,North,1,130.01
25-04-2023,72,West,1,137.26
25-04-2023,15,South,0,107.09
25-04-2023,39,South,1,128.68
25-04-2023,69,South,1,144.22
25-04-2023,56,West,1,131.14
25-04-2023,24,North,0,117.19
25-04-2023,21,West,0,112.53
25-04-2023,20,East,0,112.05
25-04-2023,48,South,1,129.83
26-04-2023,82,South,1,154.2
26-04-2023,15,West,0,97.15
26-04-2023,53,South,0,127.88
26-04-2023,10,West,0,105.93
26-04-2023,56,South,0,124.14
26-04-2023,38,West,1,114.87
26-04-2023,30,West,0,113.7
26-04-2023,15,South,0,111.47
26-04-2023,13,North,0,107.16
26-04-2023,47,East,1,121.79
26-04-2023,40,West,0,113.42
26-04-2023,35,West,0,113.05
26-04-2023,64,North,1,131.52
26-04-2023,64,East,1,127.37
26-04-2023,57,North,0,128.26
26-04-2023,69,West,1,129.38
26-04-2023,67,North,0,133.25
26-04-2023,30,East,0,119.06
26-04-2023,31,South,0,118.1
26-04-2023,29,North,0,113.93
27-04-2023,53,West,1,120.56
27-04-2023,45,West,0,120.88
27-04-2023,19,North,0,115.39
27-04-2023,72,East,1,132.91
27-04-2023,16,South,0,106.59
27-04-2023,23,South,0,124.63
27-04-2023,74,West,1,139.67
27-04-2023,50,North,1,119.68
27-04-2023,11,North,0,103.88
27-04-2023,71,East,1,134.48
27-04-2023,80,East,1,139.75
27-04-2023,87,South,1,141.99
27-04-2023,77,West,1,140.79
27-04-2023,85,West,1,137.91
27-04-2023,14,South,0,108.25
27-04-2023,65,South,1,134.25
27-04-2023,50,North,0,131.39
27-04-2023,70,South,1,139.86
27-04-2023,67,North,1,143.63
27-04-2023,89,West,1,150.44
27-04-2023,50,South,0,127.87
27-04-2023,35,East,0,122.53
27-04-2023,43,East,0,122.49
28-04-2023,20,East,0,109.92
28-04-2023,50,South,0,130.57
28-04-2023,84,West,1,138.41
28-04-2023,77,South,1,131.61
28-04-2023,45,South,0,115.1
28-04-2023,73,East,0,133.31
28-04-2023,57,South,1,135.34
28-04-2023,49,West,0,117.45
28-04-2023,44,North,0,130.68
28-04-2023,64,East,1,125.88
28-04-2023,61,West,1,125.06
28-04-2023,73,North,1,137.19
28-04-2023,15,East,0,107.5
28-04-2023,29,North,0,112.47
28-04-2023,45,South,1,117.63
28-04-2023,64,South,1,126.0
29-04-2023,68,West,1,134.3
29-04-2023,87,East,1,146.08
29-04-2023,32,East,0,112.5
29-04-2023,56,North,1,130.29
29-04-2023,82,West,1,141.32
29-04-2023,17,North,0,114.55
29-04-2023,63,East,1,128.49
29-04-2023,12,North,0,103.59
29-04-2023,27,North,1,111.35
29-04-2023,33,West,0,118.59
29-04-2023,24,East,0,106.28
29-04-2023,30,West,0,106.46
29-04-2023,86,West,1,144.42
29-04-2023,50,East,1,133.71
29-04-2023,73,West,1,131.95
29-04-2023,64,West,1,136.58
29-04-2023,73,South,1,148.64
29-04-2023,69,North,1,136.2
30-04-2023,66,South,1,132.69
30-04-2023,70,South,0,132.99
30-04-2023,38,North,0,115.03
30-04-2023,62,East,1,130.57
30-04-2023,41,East,0,121.28
30-04-2023,56,West,0,131.88
30-04-2023,85,East,0,143.06
30-04-2023,24,East,1,109.06
30-04-2023,32,East,0,113.07
30-04-2023,36,South,1,119.65
30-04-2023,63,West,0,129.56
30-04-2023,45,South,0,121.85
30-04-2023,20,West,0,102.68
30-04-2023,69,West,1,140.01
30-04-2023,25,North,0,115.15
30-04-2023,47,North,1,127.24
30-04-2023,76,East,1,137.72
01-05-2023,39,West,0,114.47
01-05-2023,87,North,1,147.09
01-05-2023,33,West,0,120.98
01-05-2023,88,North,1,145.26
01-05-2023,43,West,1,117.66
01-05-2023,23,South,0,111.2
01-05-2023,58,West,1,127.35
01-05-2023,33,East,0,117.11
01-05-2023,73,West,1,130.43
01-05-2023,60,East,1,140.97
01-05-2023,19,South,0,114.78
01-05-2023,66,South,1,133.74
01-05-2023,28,East,1,114.02
01-05-2023,78,North,1,135.24
02-05-2023,46,South,1,129.5
02-05-2023,67,North,1,133.82
02-05-2023,10,West,0,107.29
02-05-2023,30,North,1,118.76
02-05-2023,55,West,0,118.17
02-05-2023,89,East,1,128.45
02-05-2023,70,West,1,126.43
02-05-2023,61,East,1,128.25
02-05-2023,36,East,0,117.54
02-05-2023,27,East,0,118.27
02-05-2023,54,West,0,129.33
02-05-2023,37,North,0,117.87
02-05-2023,20,North,0,105.67
02-05-2023,79,West,1,138.98
02-05-2023,19,East,0,106.49
02-05-2023,23,West,0,107.7
02-05-2023,65,East,1,130.33
03-05-2023,81,South,1,136.18
03-05-2023,84,South,1,133.87
03-05-2023,74,East,1,147.44
03-05-2023,62,West,1,130.6
03-05-2023,82,South,1,146.65
03-05-2023,21,South,0,114.09
03-05-2023,49,West,1,116.87
03-05-2023,76,North,1,140.62
03-05-2023,48,South,1,121.13
03-05-2023,65,West,1,131.19
03-05-2023,45,South,0,129.65
03-05-2023,27,West,0,123.83
04-05-2023,38,North,0,116.32
04-05-2023,37,East,0,115.09
04-05-2023,35,South,1,121.02
04-05-2023,14,South,0,102.79
04-05-2023,69,North,1,147.48
04-05-2023,73,North,1,133.2
04-05-2023,11,North,0,105.36
04-05-2023,29,East,0,107.28
04-05-2023,42,North,0,116.08
04-05-2023,69,East,1,136.12
04-05-2023,35,West,0,112.79
04-05-2023,49,West,1,120.65
04-05-2023,12,East,0,104.21
04-05-2023,24,East,0,113.59
04-05-2023,20,North,0,115.61
04-05-2023,80,South,1,133.91
04-05-2023,72,East,1,136.78
04-05-2023,51,East,1,134.3
05-05-2023,48,North,1,122.39
05-05-2023,42,South,1,120.29
05-05-2023,65,North,1,127.96
05-05-2023,57,South,1,128.8
05-05-2023,40,West,0,117.38
05-05-2023,45,West,1,129.48
05-05-2023,15,West,0,109.1
05-05-2023,58,South,1,126.99
05-05-2023,85,South,1,147.06
05-05-2023,84,West,1,147.8
05-05-2023,48,South,1,122.22
05-05-2023,45,South,1,113.09
06-05-2023,37,East,0,112.73
06-05-2023,75,North,1,129.36
06-05-2023,41,West,0,116.95
06-05-2023,24,West,0,121.78
06-05-2023,65,North,0,140.54
06-05-2023,16,West,0,112.05
06-05-2023,38,South,0,122.65
06-05-2023,46,South,0,122.66
06-05-2023,86,West,1,132.34
06-05-2023,79,East,1,142.49
06-05-2023,82,East,1,133.24
06-05-2023,73,South,0,139.62
06-05-2023,36,West,1,112.39
06-05-2023,40,North,0,116.72
06-05-2023,81,East,1,142.74
06-05-2023,19,North,0,122.55
07-05-2023,46,South,0,124.26
07-05-2023,81,North,1,136.63
07-05-2023,67,East,1,136.23
07-05-2023,48,North,1,123.93
07-05-2023,87,North,1,148.6
07-05-2023,67,West,1,132.09
07-05-2023,43,West,0,119.08
07-05-2023,70,East,1,151.1
07-05-2023,42,North,1,110.34
07-05-2023,50,East,1,124.41
07-05-2023,76,South,1,133.54
07-05-2023,42,West,1,128.46
07-05-2023,28,South,0,114.07
08-05-2023,55,South,0,134.44
08-05-2023,66,South,1,131.21
08-05-2023,67,East,1,130.5
08-05-2023,29,East,0,119.85
08-05-2023,46,South,0,124.96
08-05-2023,43,East,0,120.8
08-05-2023,35,South,0,117.81
08-05-2023,48,East,0,121.4
08-05-2023,52,West,0,129.38
08-05-2023,88,East,1,148.3
08-05-2023,34,West,0,124.96
08-05-2023,52,East,0,121.84
08-05-2023,75,North,1,138.88
08-05-2023,12,West,0,101.22
08-05-2023,77,West,1,143.05
09-05-2023,66,West,1,133.67
09-05-2023,78,South,1,132.76
09-05-2023,14,South,0,104.07
09-05-2023,49,North,0,127.44
09-05-2023,68,West,1,137.25
09-05-2023,36,West,0,115.22
09-05-2023,85,North,1,134.34
09-05-2023,52,East,0,127.89
09-05-2023,68,West,1,135.51
09-05-2023,22,West,0,106.06
09-05-2023,37,East,0,122.39
09-05-2023,15,West,1,105.38
09-05-2023,85,West,1,138.37
09-05-2023,22,South,0,107.87
10-05-2023,60,North,0,134.34
10-05-2023,40,West,0,116.43
10-05-2023,42,South,0,125.62
10-05-2023,40,North,0,120.81
10-05-2023,43,South,0,121.67
10-05-2023,82,East,1,143.37
10-05-2023,42,East,0,130.42
10-05-2023,40,West,0,120.07
10-05-2023,72,South,1,134.71
10-05-2023,51,South,1,121.31
11-05-2023,61,East,0,126.55
11-05-2023,86,West,1,149.32
11-05-2023,75,East,1,139.47
11-05-2023,32,East,0,117.77
11-05-2023,51,West,0,129.94
11-05-2023,17,East,0,113.6
11-05-2023,47,North,0,124.59
11-05-2023,89,East,1,144.45
11-05-2023,73,North,1,140.13
11-05-2023,15,East,0,104.48
11-05-2023,49,East,0,122.94
11-05-2023,64,East,1,131.46
11-05-2023,56,East,1,130.63
11-05-2023,64,West,1,130.37
11-05-2023,50,West,0,123.72
11-05-2023,41,West,1,121.12
11-05-2023,53,South,1,123.13
12-05-2023,17,North,0,99.43
12-05-2023,77,South,1,142.54
12-05-2023,78,West,1,139.77
12-05-2023,49,North,1,128.08
12-05-2023,65,South,0,137.78
12-05-2023,84,West,1,147.07
12-05-2023,83,North,1,139.04
12-05-2023,38,North,0,124.73
12-05-2023,30,North,1,123.07
12-05-2023,11,West,0,98.87
12-05-2023,67,East,1,130.26
12-05-2023,41,South,1,129.76
12-05-2023,11,West,0,108.87
12-05-2023,31,East,0,115.04
12-05-2023,66,East,0,130.94
12-05-2023,64,East,0,127.8
12-05-2023,86,South,1,146.15
12-05-2023,35,North,0,117.72
12-05-2023,67,West,1,127.87
12-05-2023,21,North,0,118.61
13-05-2023,68,South,1,134.44
13-05-2023,78,South,1,144.78
13-05-2023,22,East,0,114.73
13-05-2023,14,North,0,106.28
13-05-2023,85,West,1,140.43
13-05-2023,17,East,0,109.84
13-05-2023,12,South,0,106.88
13-05-2023,80,East,1,143.64
13-05-2023,53,East,1,132.48
13-05-2023,54,North,1,127.38
13-05-2023,35,North,0,124.15
13-05-2023,14,West,0,101.83
13-05-2023,73,East,1,143.0
13-05-2023,80,West,1,139.2
13-05-2023,47,North,0,134.41
13-05-2023,88,North,1,145.7
14-05-2023,55,North,1,130.65
14-05-2023,56,South,1,129.46
14-05-2023,78,South,1,137.3
14-05-2023,48,East,1,123.86
14-05-2023,61,West,0,130.01
14-05-2023,62,West,1,131.11
14-05-2023,37,West,0,122.9
14-05-2023,49,North,1,121.08
14-05-2023,58,North,0,126.19
14-05-2023,51,North,1,131.44
14-05-2023,31,East,0,112.7
14-05-2023,65,West,0,129.02
14-05-2023,33,West,0,111.83
14-05-2023,62,South,0,124.69
14-05-2023,10,East,0,93.82
14-05-2023,60,East,0,123.77
14-05-2023,70,North,1,133.02
14-05-2023,83,North,1,136.81
14-05-2023,84,West,1,136.03
14-05-2023,40,West,1,116.8
14-05-2023,68,West,1,131.11
14-05-2023,30,South,0,118.97
15-05-2023,28,East,0,114.56
15-05-2023,49,North,0,135.49
15-05-2023,70,East,1,135.8
15-05-2023,85,South,1,150.25
15-05-2023,67,North,0,138.81
15-05-2023,69,West,1,143.01
15-05-2023,85,West,1,141.64
15-05-2023,19,South,0,108.26
15-05-2023,74,East,1,138.98
15-05-2023,64,South,1,134.0
15-05-2023,86,South,1,158.36
15-05-2023,20,East,0,114.65
15-05-2023,46,West,0,114.82
15-05-2023,66,West,1,141.28
15-05-2023,45,East,0,120.92
16-05-2023,40,East,0,115.9
16-05-2023,28,South,0,115.93
16-05-2023,76,South,1,135.16
16-05-2023,19,South,0,100.31
16-05-2023,31,West,0,124.01
16-05-2023,33,North,0,113.99
16-05-2023,59,South,1,133.34
16-05-2023,10,South,0,104.95
16-05-2023,21,West,0,114.44
16-05-2023,42,South,0,119.34
16-05-2023,64,East,1,135.84
16-05-2023,75,North,1,132.35
16-05-2023,88,North,1,150.2
17-05-2023,79,North,1,138.29
17-05-2023,39,East,0,124.72
17-05-2023,70,West,1,127.5
17-05-2023,46,South,0,117.66
17-05-2023,75,East,1,136.87
17-05-2023,68,South,0,137.82
17-05-2023,87,East,1,143.62
17-05-2023,40,East,1,119.33
17-05-2023,45,East,1,122.94
17-05-2023,75,South,1,133.5
17-05-2023,64,North,1,131.8
17-05-2023,49,East,1,131.04
17-05-2023,48,North,0,122.77
17-05-2023,29,West,0,111.87
18-05-2023,77,West,0,130.6
18-05-2023,50,North,1,118.9
18-05-2023,69,South,1,140.99
18-05-2023,13,West,0,105.39
18-05-2023,65,East,1,128.04
18-05-2023,10,East,0,115.9
18-05-2023,87,East,1,147.63
18-05-2023,81,East,1,145.61
18-05-2023,85,West,1,140.31
18-05-2023,16,West,0,99.42
18-05-2023,44,South,0,122.3
18-05-2023,36,West,0,116.62
18-05-2023,54,East,1,127.26
18-05-2023,53,West,0,120.45
18-05-2023,38,North,0,117.11
18-05-2023,32,North,0,121.38
18-05-2023,78,East,1,138.39
18-05-2023,63,South,1,122.56
19-05-2023,47,South,0,122.77
19-05-2023,13,West,0,105.87
19-05-2023,73,North,1,136.95
19-05-2023,65,East,1,122.99
19-05-2023,57,South,1,129.75
19-05-2023,66,East,0,130.77
19-05-2023,69,West,1,132.18
19-05-2023,86,South,1,132.11
19-05-2023,69,West,1,139.96
19-05-2023,30,North,0,103.31
19-05-2023,87,East,1,149.24
19-05-2023,58,West,0,133.21
19-05-2023,56,South,1,136.51
19-05-2023,33,East,0,120.96
19-05-2023,68,West,1,137.18
19-05-2023,59,South,1,129.11
20-05-2023,15,East,0,102.99
20-05-2023,46,West,1,117.47
20-05-2023,35,West,0,115.62
20-05-2023,68,North,1,137.72
20-05-2023,55,East,0,130.62
20-05-2023,85,North,1,140.89
20-05-2023,23,West,0,107.25
20-05-2023,20,West,0,104.12
20-05-2023,87,East,1,148.82
20-05-2023,16,West,0,112.55
20-05-2023,13,West,0,110.33
21-05-2023,78,South,1,139.12
21-05-2023,79,South,1,143.81
21-05-2023,89,South,1,155.66
21-05-2023,24,South,0,112.75
21-05-2023,33,West,0,109.02
21-05-2023,10,West,0,106.43
21-05-2023,74,East,1,135.93
21-05-2023,55,East,1,127.14
21-05-2023,46,South,1,130.49
21-05-2023,75,East,1,126.78
21-05-2023,65,South,1,132.27
21-05-2023,86,West,1,140.85
21-05-2023,12,East,0,105.46
21-05-2023,50,North,0,120.47
21-05-2023,65,North,1,137.09
21-05-2023,81,South,1,136.14
21-05-2023,56,East,0,121.71
21-05-2023,82,South,1,146.63
21-05-2023,89,South,1,136.9
21-05-2023,43,West,0,123.48
21-05-2023,25,North,0,110.61
22-05-2023,49,East,1,122.49
22-05-2023,80,West,1,141.84
22-05-2023,21,East,0,104.66
22-05-2023,61,West,1,132.25
22-05-2023,47,West,0,123.95
22-05-2023,89,North,1,134.07
22-05-2023,31,East,0,134.08
22-05-2023,28,North,0,121.07
22-05-2023,36,South,0,116.77
22-05-2023,53,South,1,130.61
22-05-2023,50,East,1,122.41
23-05-2023,20,North,0,117.64
23-05-2023,19,South,0,119.98
23-05-2023,43,East,0,122.05
23-05-2023,76,East,1,130.91
23-05-2023,54,West,1,133.46
23-05-2023,66,West,0,131.62
23-05-2023,54,North,1,134.19
23-05-2023,88,South,1,156.8
23-05-2023,16,North,0,108.44
23-05-2023,57,East,1,130.57
23-05-2023,79,South,1,149.97
23-05-2023,70,East,1,145.21
23-05-2023,11,East,0,95.37
23-05-2023,87,South,1,137.35
23-05-2023,76,East,1,138.9
24-05-2023,51,East,0,123.29
24-05-2023,46,South,1,124.84
24-05-2023,88,East,1,140.62
24-05-2023,78,North,1,139.01
24-05-2023,62,West,1,126.43
24-05-2023,41,North,0,116.56
24-05-2023,88,North,1,145.42
24-05-2023,42,West,0,117.77
24-05-2023,82,East,1,142.62
24-05-2023,18,North,0,112.3
24-05-2023,66,North,1,136.0
24-05-2023,89,North,1,137.15
24-05-2023,65,East,1,122.44
24-05-2023,11,North,0,109.44
24-05-2023,81,East,1,138.24
24-05-2023,10,East,0,107.34
24-05-2023,32,West,1,124.06
24-05-2023,11,South,0,109.07
24-05-2023,43,West,1,118.53
24-05-2023,76,North,1,145.51
24-05-2023,53,East,1,121.53
25-05-2023,16,North,0,109.54
25-05-2023,41,West,0,131.27
25-05-2023,71,North,1,139.35
25-05-2023,19,South,0,113.39
25-05-2023,20,South,0,117.24
25-05-2023,85,North,1,146.35
25-05-2023,46,West,0,121.12
25-05-2023,68,North,1,130.8
25-05-2023,21,North,0,109.78
25-05-2023,23,North,0,104.63
25-05-2023,45,South,1,115.48
25-05-2023,59,South,1,126.91
25-05-2023,18,North,0,104.99
25-05-2023,30,North,1,120.36
26-05-2023,14,North,0,105.43
26-05-2023,56,North,0,135.89
26-05-2023,11,West,0,111.67
26-05-2023,23,East,1,112.21
26-05-2023,25,East,0,109.33
26-05-2023,46,West,0,126.82
26-05-2023,22,West,0,117.81
26-05-2023,32,East,0,124.65
26-05-2023,56,West,1,134.97
26-05-2023,59,East,1,125.47
26-05-2023,20,West,0,106.94
26-05-2023,26,South,0,108.34
27-05-2023,82,East,1,140.04
27-05-2023,87,North,1,142.91
27-05-2023,44,North,0,114.81
27-05-2023,69,East,1,133.3
27-05-2023,16,West,0,110.36
27-05-2023,47,South,1,121.78
27-05-2023,18,East,0,108.78
27-05-2023,37,West,0,116.51
27-05-2023,22,East,0,119.16
27-05-2023,13,East,0,106.95
27-05-2023,56,South,1,128.73
27-05-2023,31,West,0,108.92
27-05-2023,41,South,0,119.41
27-05-2023,75,East,1,143.22
27-05-2023,78,East,1,133.55
27-05-2023,39,South,1,117.07
27-05-2023,18,West,0,115.94
27-05-2023,83,North,1,142.37
27-05-2023,26,South,0,112.98
28-05-2023,57,East,1,126.83
28-05-2023,16,East,0,111.37
28-05-2023,66,South,1,140.68
28-05-2023,52,East,0,131.03
28-05-2023,75,East,1,138.6
28-05-2023,65,South,1,135.47
28-05-2023,48,West,1,124.66
28-05-2023,74,South,1,132.54
28-05-2023,37,East,0,111.56
28-05-2023,28,South,0,111.27
28-05-2023,88,South,1,141.36
28-05-2023,36,West,1,121.07
28-05-2023,37,North,0,125.41
28-05-2023,24,East,0,107.07
28-05-2023,27,East,0,110.89
28-05-2023,51,East,1,119.6
29-05-2023,83,East,1,144.25
29-05-2023,38,South,0,117.43
29-05-2023,36,South,0,115.61
29-05-2023,82,West,1,145.69
29-05-2023,40,North,1,118.39
29-05-2023,33,East,0,108.49
29-05-2023,22,North,0,122.84
29-05-2023,15,South,0,117.1
29-05-2023,80,North,1,149.08
29-05-2023,61,East,0,130.89
29-05-2023,68,West,1,139.93
29-05-2023,43,West,0,125.48
29-05-2023,72,West,1,132.86
29-05-2023,61,West,0,131.75
29-05-2023,56,North,0,134.46
30-05-2023,37,East,0,117.68
30-05-2023,42,North,0,117.06
30-05-2023,77,North,1,136.36
30-05-2023,42,North,1,124.64
30-05-2023,64,West,1,138.89
30-05-2023,34,West,0,120.66
30-05-2023,45,West,0,109.82
30-05-2023,75,West,1,134.25
30-05-2023,42,North,1,128.41
30-05-2023,61,West,1,132.99
30-05-2023,80,North,1,139.1
30-05-2023,89,North,1,141.69
30-05-2023,83,South,1,137.39
30-05-2023,14,West,0,105.28
30-05-2023,53,South,1,130.93
30-05-2023,84,East,1,135.46
30-05-2023,19,North,0,116.02
30-05-2023,52,West,1,114.2
30-05-2023,85,North,1,134.76
30-05-2023,44,South,1,132.04
30-05-2023,62,South,1,133.93
30-05-2023,23,North,0,108.39
30-05-2023,16,West,0,114.05
31-05-2023,54,East,1,127.89
31-05-2023,85,West,1,130.76
31-05-2023,28,South,0,114.29
31-05-2023,78,North,1,126.73
31-05-2023,30,East,0,113.03
31-05-2023,56,West,1,140.08
31-05-2023,32,West,1,114.18
31-05-2023,19,South,0,113.89
31-05-2023,37,East,0,118.45
31-05-2023,46,South,0,124.3
31-05-2023,83,East,1,138.91
31-05-2023,78,West,1,133.9
31-05-2023,25,East,0,109.76
31-05-2023,15,South,0,103.9
31-05-2023,37,East,0,121.51
31-05-2023,38,East,0,123.56
31-05-2023,42,North,0,118.66
31-05-2023,30,East,0,117.51
31-05-2023,79,North,1,142.07
31-05-2023,32,East,1,111.44
31-05-2023,76,North,1,143.15
01-06-2023,15,East,0,109.24
01-06-2023,44,North,0,120.71
01-06-2023,81,West,1,184.52
01-06-2023,17,East,0,97.24
01-06-2023,62,West,1,172.23
01-06-2023,28,East,0,110.75
01-06-2023,58,East,1,180.57
01-06-2023,20,North,0,107.52
01-06-2023,27,West,0,115.27
01-06-2023,47,East,0,116.39
01-06-2023,36,West,0,119.81
01-06-2023,84,North,1,190.28
01-06-2023,74,South,0,135.98
01-06-2023,52,West,0,117.74
01-06-2023,17,West,0,112.88
01-06-2023,67,North,1,176.79
01-06-2023,13,North,0,106.04
01-06-2023,45,South,0,124.24
01-06-2023,82,North,1,188.34
02-06-2023,24,South,0,103.54
02-06-2023,45,West,0,121.46
02-06-2023,88,South,1,191.43
02-06-2023,66,South,1,176.76
02-06-2023,72,North,1,183.58
02-06-2023,49,South,0,114.8
02-06-2023,89,North,1,196.48
02-06-2023,10,North,0,96.79
02-06-2023,87,South,1,190.04
02-06-2023,61,East,0,123.68
02-06-2023,42,North,0,108.72
02-06-2023,42,North,0,108.0
03-06-2023,34,East,1,173.68
03-06-2023,60,South,1,170.09
03-06-2023,34,South,0,112.48
03-06-2023,82,East,1,195.24
03-06-2023,28,West,0,108.06
03-06-2023,29,West,0,111.34
03-06-2023,72,North,1,183.48
03-06-2023,75,East,1,181.07
03-06-2023,44,North,0,117.2
03-06-2023,30,North,1,156.29
03-06-2023,63,East,1,161.36
03-06-2023,85,East,1,182.47
04-06-2023,70,East,1,181.69
04-06-2023,53,North,0,113.26
04-06-2023,69,West,1,179.45
04-06-2023,89,West,1,183.74
04-06-2023,10,North,0,98.44
04-06-2023,66,East,1,184.1
04-06-2023,63,West,1,179.9
04-06-2023,22,East,0,111.54
04-06-2023,88,South,1,190.38
04-06-2023,76,East,1,183.91
04-06-2023,70,South,1,181.66
04-06-2023,27,South,0,107.07
04-06-2023,65,East,0,135.19
04-06-2023,32,North,0,110.26
04-06-2023,44,North,0,119.52
04-06-2023,77,West,1,183.68
04-06-2023,30,North,0,101.0
04-06-2023,49,West,1,170.29
04-06-2023,33,North,0,108.7
04-06-2023,56,East,0,132.83
04-06-2023,71,South,1,181.31
04-06-2023,85,West,1,183.88
04-06-2023,62,North,1,173.62
04-06-2023,39,South,0,119.62
04-06-2023,56,North,1,166.23
04-06-2023,66,North,1,175.78
04-06-2023,20,South,0,108.79
04-06-2023,57,East,1,169.28
05-06-2023,39,East,0,107.14
05-06-2023,26,West,0,106.07
05-06-2023,87,South,1,188.84
05-06-2023,75,West,1,194.55
05-06-2023,33,North,0,115.63
05-06-2023,52,East,0,119.71
05-06-2023,72,South,1,186.62
05-06-2023,64,West,1,173.73
05-06-2023,77,South,1,199.12
05-06-2023,12,West,0,100.92
05-06-2023,35,East,0,110.37
05-06-2023,15,South,0,105.5
05-06-2023,84,East,1,186.15
06-06-2023,28,North,1,160.38
06-06-2023,13,West,0,98.35
06-06-2023,54,East,1,179.52
06-06-2023,62,East,1,171.85
06-06-2023,76,East,1,186.67
06-06-2023,26,West,0,102.14
06-06-2023,28,South,0,112.4
06-06-2023,82,East,1,183.98
06-06-2023,73,West,1,178.3
06-06-2023,16,North,0,95.04
06-06-2023,80,East,1,180.12
06-06-2023,33,West,0,113.33
06-06-2023,35,East,0,110.04
06-06-2023,52,South,1,170.37
06-06-2023,89,East,1,188.03
06-06-2023,21,East,0,99.35
06-06-2023,65,North,1,184.67
06-06-2023,24,South,0,107.18
06-06-2023,53,North,0,121.63
06-06-2023,74,North,1,182.28
07-06-2023,40,North,0,108.88
07-06-2023,54,East,1,176.64
07-06-2023,11,West,0,106.93
07-06-2023,28,North,0,103.55
07-06-2023,87,East,1,188.0
07-06-2023,47,North,0,114.69
07-06-2023,86,East,1,192.27
07-06-2023,39,South,0,115.08
07-06-2023,72,South,0,131.34
07-06-2023,36,South,0,114.78
08-06-2023,84,East,1,175.06
08-06-2023,52,East,0,122.15
08-06-2023,15,East,0,102.37
08-06-2023,75,South,1,181.07
08-06-2023,14,West,0,100.71
08-06-2023,24,South,0,104.42
08-06-2023,32,North,0,110.32
08-06-2023,88,East,1,191.14
08-06-2023,26,East,0,104.69
08-06-2023,36,West,0,106.04
08-06-2023,32,North,0,111.57
08-06-2023,32,North,1,162.77
08-06-2023,48,East,1,168.81
08-06-2023,76,East,1,176.63
08-06-2023,28,West,0,110.3
08-06-2023,30,South,0,127.48
08-06-2023,25,West,0,102.2
08-06-2023,46,West,0,119.46
09-06-2023,25,East,0,104.61
09-06-2023,59,North,1,170.46
09-06-2023,79,West,1,179.34
09-06-2023,88,South,1,184.48
09-06-2023,24,West,0,111.38
09-06-2023,76,East,1,178.41
09-06-2023,52,East,0,121.58
09-06-2023,34,East,0,117.1
09-06-2023,44,South,1,169.03
09-06-2023,73,North,0,136.47
09-06-2023,41,West,0,109.83
09-06-2023,85,North,1,185.11
09-06-2023,56,North,1,168.74
09-06-2023,25,South,0,104.61
09-06-2023,16,South,0,100.06
09-06-2023,26,East,0,100.16
09-06-2023,73,North,1,172.11
09-06-2023,89,West,1,186.96
09-06-2023,23,West,0,104.17
09-06-2023,24,South,0,116.5
09-06-2023,27,East,0,103.75
09-06-2023,49,South,1,172.15
09-06-2023,79,West,1,185.57
10-06-2023,79,North,1,171.32
10-06-2023,33,South,1,152.71
10-06-2023,23,South,0,109.74
10-06-2023,12,East,0,102.9
10-06-2023,87,North,1,191.05
10-06-2023,45,West,1,183.1
10-06-2023,33,North,1,172.59
10-06-2023,20,West,0,108.88
10-06-2023,77,East,1,180.19
10-06-2023,44,West,0,109.53
10-06-2023,76,South,1,185.68
10-06-2023,67,North,1,174.04
10-06-2023,61,South,0,126.25
10-06-2023,10,South,0,102.02
10-06-2023,42,South,1,161.68
10-06-2023,45,West,1,165.55
10-06-2023,59,South,1,177.74
10-06-2023,50,West,0,124.31
10-06-2023,72,East,1,179.04
11-06-2023,20,North,0,105.88
11-06-2023,35,West,1,163.95
11-06-2023,23,North,1,159.82
11-06-2023,68,South,1,177.54
11-06-2023,62,North,1,174.02
11-06-2023,47,North,0,122.13
11-06-2023,48,East,1,169.81
11-06-2023,36,South,0,113.44
11-06-2023,86,West,1,179.79
11-06-2023,62,South,0,133.96
11-06-2023,24,South,0,94.32
11-06-2023,40,South,0,118.99
11-06-2023,33,South,0,109.66
11-06-2023,79,North,1,191.71
11-06-2023,89,East,1,185.91
11-06-2023,75,South,1,185.01
11-06-2023,49,North,0,121.9
11-06-2023,48,West,1,176.42
11-06-2023,26,South,0,109.63
12-06-2023,83,West,1,181.64
12-06-2023,10,West,0,92.42
12-06-2023,67,South,1,169.06
12-06-2023,74,North,1,180.42
12-06-2023,11,South,0,105.34
12-06-2023,34,West,0,105.53
12-06-2023,41,East,1,168.01
12-06-2023,51,West,0,118.94
12-06-2023,57,East,1,163.76
12-06-2023,69,South,1,178.25
12-06-2023,31,North,0,119.75
12-06-2023,54,South,1,172.21
12-06-2023,44,South,0,111.37
12-06-2023,53,West,1,169.85
12-06-2023,35,South,1,156.59
12-06-2023,49,West,0,123.78
12-06-2023,77,East,1,174.38
13-06-2023,84,North,1,182.47
13-06-2023,38,North,0,120.97
13-06-2023,54,West,0,123.27
13-06-2023,42,West,1,172.28
13-06-2023,79,West,0,138.16
13-06-2023,43,South,0,115.93
13-06-2023,31,South,0,108.81
13-06-2023,48,East,0,120.64
13-06-2023,14,North,0,106.59
13-06-2023,67,North,0,132.3
13-06-2023,86,North,1,187.7
13-06-2023,54,West,0,121.41
13-06-2023,81,North,1,185.22
13-06-2023,36,East,0,116.33
13-06-2023,62,East,1,178.36
13-06-2023,52,West,1,180.05
13-06-2023,29,East,0,111.73
13-06-2023,38,West,0,118.19
14-06-2023,67,West,1,175.17
14-06-2023,76,West,1,177.48
14-06-2023,82,West,1,179.17
14-06-2023,30,South,0,104.83
14-06-2023,46,West,1,166.86
14-06-2023,63,West,1,191.32
14-06-2023,64,East,1,170.83
14-06-2023,89,South,1,193.12
14-06-2023,89,South,1,184.92
14-06-2023,22,East,0,106.17
14-06-2023,28,West,0,113.04
14-06-2023,87,West,1,185.64
14-06-2023,65,North,1,175.49
14-06-2023,12,South,0,95.05
14-06-2023,83,South,1,188.71
14-06-2023,86,South,1,185.38
14-06-2023,36,West,0,114.11
15-06-2023,67,West,1,177.78
15-06-2023,12,South,0,107.83
15-06-2023,41,West,0,116.44
15-06-2023,30,West,0,116.48
15-06-2023,47,East,1,173.02
15-06-2023,74,North,1,183.19
15-06-2023,37,South,0,120.95
15-06-2023,76,North,1,186.7
15-06-2023,85,East,1,186.22
15-06-2023,83,North,1,189.78
15-06-2023,56,West,1,174.46
15-06-2023,14,East,0,112.61
15-06-2023,87,West,1,191.38
15-06-2023,82,West,1,188.25
16-06-2023,43,East,1,163.08
16-06-2023,82,East,1,181.89
16-06-2023,86,West,1,184.19
16-06-2023,14,South,0,91.42
16-06-2023,42,East,0,104.2
16-06-2023,88,East,1,182.41
16-06-2023,51,East,0,114.69
16-06-2023,73,East,1,181.95
16-06-2023,71,North,1,178.33
16-06-2023,47,West,1,173.48
16-06-2023,13,West,0,100.22
16-06-2023,25,East,0,100.75
16-06-2023,35,North,0,104.99
16-06-2023,18,North,0,108.9
16-06-2023,85,South,1,184.9
16-06-2023,22,East,0,118.3
16-06-2023,84,West,1,191.58
16-06-2023,76,South,1,177.35
16-06-2023,72,North,1,187.52
16-06-2023,84,South,1,193.09
16-06-2023,58,East,1,159.93
16-06-2023,31,West,0,114.32
17-06-2023,55,South,0,117.64
17-06-2023,55,East,1,174.65
17-06-2023,88,North,1,192.81
17-06-2023,22,West,0,108.31
17-06-2023,56,West,1,179.72
17-06-2023,87,South,1,192.23
17-06-2023,74,West,1,189.59
17-06-2023,65,North,1,167.73
17-06-2023,59,North,0,122.13
17-06-2023,89,South,1,189.3
17-06-2023,20,North,0,110.48
17-06-2023,53,East,1,163.17
17-06-2023,44,North,0,117.37
17-06-2023,52,North,1,170.07
17-06-2023,77,South,1,179.2
17-06-2023,52,West,1,171.34
17-06-2023,11,South,0,96.54
17-06-2023,31,North,1,155.48
17-06-2023,77,West,1,187.23
17-06-2023,60,South,1,171.76
17-06-2023,35,South,0,114.55
17-06-2023,67,South,1,180.81
18-06-2023,43,East,0,114.19
18-06-2023,20,West,0,105.63
18-06-2023,44,North,1,167.62
18-06-2023,83,West,1,185.72
18-06-2023,14,South,0,105.9
18-06-2023,84,East,1,191.31
18-06-2023,17,South,0,96.61
18-06-2023,32,West,1,160.54
18-06-2023,35,West,0,110.13
18-06-2023,22,South,0,102.68
18-06-2023,63,South,0,132.28
18-06-2023,83,East,1,187.08
18-06-2023,13,East,0,107.97
18-06-2023,42,South,0,120.53
18-06-2023,62,West,1,170.6
18-06-2023,20,North,0,103.63
18-06-2023,62,South,1,177.63
18-06-2023,37,East,0,122.5
19-06-2023,62,East,0,136.4
19-06-2023,25,West,0,113.19
19-06-2023,46,South,0,120.75
19-06-2023,64,East,1,182.09
19-06-2023,38,East,0,108.9
19-06-2023,56,East,1,175.41
19-06-2023,76,South,1,186.44
19-06-2023,52,South,1,171.75
19-06-2023,55,South,0,119.75
19-06-2023,78,South,1,183.75
19-06-2023,69,South,1,179.11
19-06-2023,16,South,0,109.47
19-06-2023,33,South,0,116.79
19-06-2023,30,North,0,112.45
19-06-2023,47,East,0,114.8
19-06-2023,75,East,1,178.23
19-06-2023,22,West,0,110.37
19-06-2023,79,South,1,189.4
20-06-2023,85,East,0,131.55
20-06-2023,59,North,0,122.18
20-06-2023,80,South,1,179.84
20-06-2023,34,South,0,111.49
20-06-2023,24,East,0,116.79
20-06-2023,55,West,0,120.94
20-06-2023,20,East,0,108.35
20-06-2023,34,North,0,111.08
20-06-2023,38,West,0,111.23
21-06-2023,51,North,0,116.8
21-06-2023,29,West,0,121.06
21-06-2023,63,West,1,168.78
21-06-2023,80,South,1,180.76
21-06-2023,78,West,1,174.4
21-06-2023,42,South,0,124.53
21-06-2023,34,East,0,112.67
21-06-2023,47,South,0,116.82
21-06-2023,42,West,0,116.82
21-06-2023,83,West,1,189.63
21-06-2023,10,West,0,103.49
21-06-2023,27,East,0,102.46
21-06-2023,69,East,1,167.84
21-06-2023,11,West,0,96.86
21-06-2023,48,North,0,118.3
21-06-2023,41,North,1,163.29
21-06-2023,88,West,1,184.56
21-06-2023,73,East,1,193.11
22-06-2023,34,West,0,115.66
22-06-2023,29,East,0,108.06
22-06-2023,78,North,1,183.34
22-06-2023,57,West,1,171.79
22-06-2023,77,South,1,182.95
22-06-2023,18,North,0,105.77
22-06-2023,64,South,1,169.31
22-06-2023,41,West,0,121.33
22-06-2023,51,South,1,170.18
22-06-2023,11,East,0,96.74
22-06-2023,18,North,0,101.46
22-06-2023,66,North,1,177.16
22-06-2023,41,West,0,114.21
22-06-2023,32,West,0,110.56
22-06-2023,72,West,1,181.97
22-06-2023,43,North,0,115.78
22-06-2023,64,North,0,128.37
22-06-2023,36,North,0,115.85
22-06-2023,47,East,0,122.31
22-06-2023,67,East,1,187.33
22-06-2023,14,West,0,101.01
22-06-2023,87,North,1,188.84
23-06-2023,85,West,1,191.91
23-06-2023,13,South,0,105.48
23-06-2023,74,East,1,189.62
23-06-2023,38,West,1,161.49
23-06-2023,10,West,0,100.94
23-06-2023,24,South,0,100.11
23-06-2023,50,South,1,176.22
23-06-2023,50,North,0,110.46
23-06-2023,47,South,0,109.6
23-06-2023,76,North,1,182.87
23-06-2023,88,East,1,189.32
23-06-2023,11,North,0,98.17
23-06-2023,34,East,0,107.87
24-06-2023,61,West,1,170.47
24-06-2023,38,West,1,162.25
24-06-2023,61,East,0,133.53
24-06-2023,53,South,1,168.55
24-06-2023,41,West,1,161.32
24-06-2023,55,North,1,168.05
24-06-2023,78,South,1,184.12
24-06-2023,56,North,1,175.83
24-06-2023,25,East,0,111.95
24-06-2023,65,East,1,186.17
24-06-2023,78,North,1,183.04
24-06-2023,33,South,0,110.83
24-06-2023,64,North,1,181.22
24-06-2023,73,North,0,135.6
25-06-2023,10,West,0,108.7
25-06-2023,85,South,1,182.46
25-06-2023,13,North,0,99.83
25-06-2023,35,West,1,154.31
25-06-2023,83,South,1,189.59
25-06-2023,48,South,0,129.42
25-06-2023,76,East,1,174.7
25-06-2023,60,North,1,171.52
25-06-2023,63,North,1,180.07
25-06-2023,43,South,1,158.03
25-06-2023,54,East,0,116.23
25-06-2023,58,North,1,166.59
26-06-2023,62,East,1,188.52
26-06-2023,39,South,1,166.4
26-06-2023,55,North,1,172.96
26-06-2023,87,South,1,185.21
26-06-2023,26,South,0,99.81
26-06-2023,26,East,0,110.47
26-06-2023,30,West,0,116.37
26-06-2023,20,North,0,108.53
26-06-2023,60,North,1,181.87
26-06-2023,65,West,0,129.68
27-06-2023,67,West,1,173.59
27-06-2023,45,West,0,117.12
27-06-2023,58,East,1,177.88
27-06-2023,32,South,1,159.19
27-06-2023,64,North,1,166.84
27-06-2023,57,South,0,117.21
27-06-2023,11,North,0,105.93
27-06-2023,33,North,0,111.6
27-06-2023,49,East,1,176.67
27-06-2023,22,North,0,106.75
27-06-2023,73,East,1,184.36
27-06-2023,41,West,0,117.66
28-06-2023,22,West,0,111.03
28-06-2023,79,East,1,185.98
28-06-2023,41,East,0,127.1
28-06-2023,40,South,0,113.81
28-06-2023,68,East,1,181.43
28-06-2023,73,South,1,189.69
28-06-2023,55,East,1,171.21
28-06-2023,25,South,0,109.44
28-06-2023,87,East,1,186.77
28-06-2023,12,North,0,104.0
28-06-2023,15,East,0,106.54
28-06-2023,56,East,1,170.34
28-06-2023,39,North,0,132.46
28-06-2023,87,North,1,180.5
28-06-2023,17,North,1,151.21
28-06-2023,70,East,1,169.33
28-06-2023,10,North,0,100.85
28-06-2023,65,South,1,180.99
28-06-2023,58,South,0,122.62
28-06-2023,11,South,0,104.48
28-06-2023,77,West,1,192.16
28-06-2023,27,West,0,105.48
28-06-2023,22,North,0,111.09
29-06-2023,34,South,0,110.86
29-06-2023,29,South,1,153.36
29-06-2023,23,East,0,108.32
29-06-2023,28,South,0,106.81
29-06-2023,77,South,1,185.88
29-06-2023,34,West,0,103.07
29-06-2023,60,West,1,168.69
29-06-2023,19,East,0,102.29
29-06-2023,30,South,0,95.98
29-06-2023,57,West,1,179.98
29-06-2023,59,West,1,174.25
29-06-2023,42,South,1,156.43
30-06-2023,81,West,1,175.51
30-06-2023,32,West,0,107.15
30-06-2023,12,West,0,99.89
30-06-2023,58,West,1,176.55
30-06-2023,58,North,1,170.96
30-06-2023,69,South,1,178.37
30-06-2023,28,South,0,102.08
30-06-2023,15,South,0,108.82
30-06-2023,36,North,0,119.7
01-07-2023,47,North,1,174.9
01-07-2023,16,North,0,102.6
01-07-2023,59,West,1,170.66
01-07-2023,48,West,1,168.11
01-07-2023,12,East,0,104.85
01-07-2023,14,East,0,96.75
01-07-2023,48,East,0,124.47
01-07-2023,40,North,0,118.12
01-07-2023,14,South,0,98.47
01-07-2023,14,South,0,102.01
01-07-2023,12,South,0,98.25
01-07-2023,10,North,0,101.37
01-07-2023,16,North,0,106.17
02-07-2023,49,South,1,171.56
02-07-2023,81,South,1,190.04
02-07-2023,67,East,1,174.13
02-07-2023,81,East,1,187.5
02-07-2023,42,East,0,117.1
02-07-2023,59,West,1,176.3
02-07-2023,51,West,0,120.0
02-07-2023,24,North,0,105.29
02-07-2023,19,South,0,104.62
02-07-2023,60,East,1,173.09
02-07-2023,56,North,0,129.46
02-07-2023,30,West,0,114.63
02-07-2023,54,South,0,117.45
02-07-2023,68,South,1,182.94
02-07-2023,45,East,1,157.74
02-07-2023,78,North,1,177.68
02-07-2023,58,South,0,128.44
02-07-2023,24,North,0,114.04
03-07-2023,84,South,1,187.29
03-07-2023,33,South,1,155.77
03-07-2023,58,West,1,161.39
03-07-2023,44,East,1,173.94
03-07-2023,49,West,0,110.55
03-07-2023,80,East,1,181.81
03-07-2023,83,West,1,181.17
03-07-2023,18,West,0,92.73
03-07-2023,86,East,1,182.22
03-07-2023,33,West,0,114.39
03-07-2023,80,North,1,189.0
03-07-2023,86,West,1,190.08
03-07-2023,80,North,1,188.33
03-07-2023,77,East,1,186.43
04-07-2023,82,West,1,184.38
04-07-2023,88,South,1,188.22
04-07-2023,74,North,1,175.54
04-07-2023,64,South,1,168.76
04-07-2023,53,East,0,127.48
04-07-2023,88,West,1,191.29
04-07-2023,24,East,0,112.85
04-07-2023,77,East,1,187.71
04-07-2023,10,South,0,90.56
04-07-2023,22,East,0,105.73
05-07-2023,34,North,0,115.15
05-07-2023,19,East,0,108.35
05-07-2023,16,North,0,97.91
05-07-2023,21,West,0,103.89
05-07-2023,13,West,0,92.75
05-07-2023,64,South,1,172.67
05-07-2023,87,East,1,197.37
05-07-2023,48,West,0,122.45
05-07-2023,31,East,0,121.1
05-07-2023,18,North,0,93.15
05-07-2023,41,North,0,111.74
05-07-2023,33,West,0,102.72
05-07-2023,23,West,0,116.69
06-07-2023,73,West,1,180.68
06-07-2023,36,West,0,113.78
06-07-2023,25,East,0,109.75
06-07-2023,61,North,1,176.87
06-07-2023,18,West,0,97.02
06-07-2023,52,North,0,117.03
06-07-2023,45,North,1,170.52
06-07-2023,85,South,1,183.8
06-07-2023,18,North,0,106.1
06-07-2023,59,East,1,184.14
06-07-2023,37,North,0,117.13
06-07-2023,21,East,0,95.45
06-07-2023,58,North,0,113.28
06-07-2023,34,West,0,116.85
06-07-2023,72,North,1,181.14
06-07-2023,13,South,0,99.5
06-07-2023,69,West,1,186.63
06-07-2023,10,South,0,98.21
06-07-2023,16,East,0,109.75
07-07-2023,87,North,1,197.51
07-07-2023,80,South,1,183.03
07-07-2023,76,South,1,181.08
07-07-2023,84,North,1,186.28
07-07-2023,14,East,0,109.37
07-07-2023,17,South,0,104.79
07-07-2023,19,North,0,107.18
07-07-2023,35,North,0,119.09
07-07-2023,87,South,0,140.79
07-07-2023,23,West,0,103.8
07-07-2023,70,North,1,181.91
07-07-2023,32,South,0,106.52
08-07-2023,76,North,1,186.04
08-07-2023,45,West,0,117.44
08-07-2023,35,West,0,115.67
08-07-2023,44,West,0,117.03
08-07-2023,81,West,1,186.37
08-07-2023,28,East,0,107.77
08-07-2023,27,West,0,102.14
08-07-2023,44,West,1,167.37
08-07-2023,89,South,1,191.1
08-07-2023,45,East,0,121.46
08-07-2023,23,North,0,101.22
08-07-2023,48,East,0,121.89
08-07-2023,80,East,1,187.32
08-07-2023,79,West,1,180.63
08-07-2023,72,East,1,185.56
08-07-2023,77,East,1,188.23
08-07-2023,56,North,0,121.39
09-07-2023,28,North,0,112.82
09-07-2023,39,East,0,103.04
09-07-2023,56,West,1,175.1
09-07-2023,48,North,0,119.33
09-07-2023,80,North,1,181.51
09-07-2023,64,North,1,176.88
09-07-2023,57,West,0,124.61
09-07-2023,82,East,1,186.93
10-07-2023,81,North,1,190.61
10-07-2023,79,North,1,184.76
10-07-2023,10,North,0,99.19
10-07-2023,76,North,1,185.08
10-07-2023,55,South,1,181.89
10-07-2023,21,South,0,110.07
10-07-2023,22,East,0,110.07
10-07-2023,18,South,0,102.27
10-07-2023,46,East,0,117.54
10-07-2023,14,North,0,104.94
10-07-2023,31,South,0,117.62
10-07-2023,68,South,1,173.18
10-07-2023,72,North,1,177.76
10-07-2023,24,South,0,111.57
10-07-2023,23,West,0,108.37
10-07-2023,72,South,1,177.72
10-07-2023,61,South,1,170.49
10-07-2023,19,West,0,101.08
11-07-2023,51,South,1,168.14
11-07-2023,46,West,0,110.92
11-07-2023,45,East,0,119.19
11-07-2023,78,West,1,184.16
11-07-2023,17,South,0,102.39
11-07-2023,85,South,1,184.14
11-07-2023,38,South,0,111.39
11-07-2023,50,North,0,116.01
11-07-2023,75,South,1,183.83
11-07-2023,68,West,1,183.33
11-07-2023,20,West,0,107.55
11-07-2023,20,North,0,111.48
11-07-2023,71,North,1,176.61
11-07-2023,17,North,0,107.86
11-07-2023,78,North,0,129.43
11-07-2023,43,East,0,118.65
11-07-2023,47,East,0,125.1
11-07-2023,22,North,1,152.66
11-07-2023,27,South,0,114.89
12-07-2023,41,West,0,110.55
12-07-2023,67,East,1,186.13
12-07-2023,52,South,0,123.69
12-07-2023,61,North,1,177.73
12-07-2023,60,South,1,183.86
12-07-2023,41,East,0,118.71
12-07-2023,54,East,0,122.26
12-07-2023,67,East,1,169.31
12-07-2023,62,East,1,177.71
12-07-2023,28,North,0,105.9
12-07-2023,22,East,0,106.35
12-07-2023,36,East,0,109.25
12-07-2023,15,West,0,100.99
12-07-2023,71,North,1,181.33
12-07-2023,73,South,1,188.44
12-07-2023,60,South,0,118.02
12-07-2023,65,North,1,170.93
13-07-2023,76,East,1,185.93
13-07-2023,64,South,1,176.68
13-07-2023,40,West,0,113.12
13-07-2023,69,South,0,137.03
13-07-2023,16,South,0,99.12
13-07-2023,29,North,0,112.51
13-07-2023,52,North,0,127.62
13-07-2023,84,West,1,185.22
13-07-2023,67,South,1,180.43
13-07-2023,60,East,1,172.76
13-07-2023,12,South,0,103.37
13-07-2023,36,South,0,118.72
13-07-2023,43,North,1,172.36
13-07-2023,57,South,0,124.45
14-07-2023,38,South,1,157.93
14-07-2023,11,South,0,99.36
14-07-2023,89,East,1,199.18
14-07-2023,11,North,0,102.06
14-07-2023,54,East,0,121.44
14-07-2023,66,North,1,181.01
14-07-2023,67,North,1,175.9
14-07-2023,76,South,1,179.43
14-07-2023,31,West,0,109.39
14-07-2023,17,West,0,97.95
14-07-2023,51,South,0,123.33
14-07-2023,74,South,1,185.38
14-07-2023,88,East,1,188.66
14-07-2023,88,North,1,179.87
14-07-2023,37,South,0,102.11
14-07-2023,14,North,0,106.87
14-07-2023,66,South,1,179.27
14-07-2023,47,West,1,173.42
14-07-2023,39,West,0,120.95
14-07-2023,45,North,0,122.41
14-07-2023,67,North,1,179.62
15-07-2023,62,South,0,127.71
15-07-2023,12,North,0,102.55
15-07-2023,55,East,1,178.42
15-07-2023,61,West,0,127.73
15-07-2023,53,North,0,119.02
15-07-2023,53,East,1,172.64
15-07-2023,85,East,1,184.82
15-07-2023,38,North,0,114.37
15-07-2023,76,South,1,174.24
15-07-2023,89,East,1,181.76
15-07-2023,24,West,0,102.5
15-07-2023,23,South,0,115.59
15-07-2023,66,North,1,173.54
15-07-2023,30,North,1,157.82
15-07-2023,66,West,1,170.67
15-07-2023,64,West,1,168.82
15-07-2023,61,East,1,174.6
16-07-2023,83,East,1,186.11
16-07-2023,45,South,0,128.53
16-07-2023,85,North,1,193.42
16-07-2023,83,East,1,180.88
16-07-2023,37,South,1,154.7
16-07-2023,10,West,0,101.6
16-07-2023,62,North,1,182.09
16-07-2023,69,South,1,179.62
16-07-2023,82,East,1,191.22
16-07-2023,37,East,0,105.94
16-07-2023,66,West,1,177.84
16-07-2023,18,West,0,112.2
16-07-2023,81,East,1,184.28
17-07-2023,48,North,1,163.59
17-07-2023,56,North,1,168.5
17-07-2023,29,West,0,112.03
17-07-2023,79,East,1,185.01
17-07-2023,61,West,1,172.11
17-07-2023,12,West,0,107.13
17-07-2023,75,North,1,182.26
17-07-2023,77,West,1,187.4
17-07-2023,43,North,0,115.09
17-07-2023,48,West,0,121.82
17-07-2023,35,East,1,159.61
17-07-2023,55,North,0,125.05
17-07-2023,13,North,0,105.93
17-07-2023,37,South,1,159.81
17-07-2023,54,West,1,163.07
17-07-2023,22,North,0,98.57
17-07-2023,80,North,1,187.2
17-07-2023,26,North,0,114.53
17-07-2023,17,East,1,146.75
17-07-2023,12,North,0,94.79
17-07-2023,49,South,1,168.1
17-07-2023,55,North,1,171.2
18-07-2023,47,North,0,115.66
18-07-2023,51,North,0,120.37
18-07-2023,10,North,0,95.99
18-07-2023,10,South,0,101.93
18-07-2023,24,West,0,102.81
18-07-2023,19,West,0,102.73
18-07-2023,54,North,0,118.26
18-07-2023,74,South,1,186.75
18-07-2023,37,East,0,105.93
18-07-2023,79,South,1,182.43
18-07-2023,43,South,0,108.91
18-07-2023,58,North,1,178.67
18-07-2023,15,South,0,97.36
18-07-2023,83,South,1,198.05
18-07-2023,72,North,1,178.48
18-07-2023,89,North,1,200.68
18-07-2023,24,North,0,98.53
19-07-2023,84,West,1,192.14
19-07-2023,19,East,1,150.71
19-07-2023,44,East,0,112.75
19-07-2023,19,South,1,160.59
19-07-2023,69,South,1,186.38
19-07-2023,68,West,1,179.3
19-07-2023,15,East,0,98.17
19-07-2023,31,North,0,110.78
19-07-2023,63,South,0,127.16
19-07-2023,71,South,1,185.42
19-07-2023,21,East,0,105.19
19-07-2023,86,North,1,184.5
19-07-2023,88,East,1,181.48
19-07-2023,87,East,1,179.84
19-07-2023,16,East,0,107.63
19-07-2023,80,East,1,182.87
19-07-2023,59,East,1,170.99
20-07-2023,57,East,0,125.47
20-07-2023,86,West,1,184.47
20-07-2023,22,North,0,99.84
20-07-2023,50,East,1,179.0
20-07-2023,63,North,1,182.28
20-07-2023,13,South,0,102.76
20-07-2023,43,East,0,117.73
20-07-2023,55,West,0,115.61
20-07-2023,38,West,0,123.27
20-07-2023,25,North,0,117.04
20-07-2023,83,South,0,132.62
20-07-2023,75,South,1,193.01
20-07-2023,33,West,1,165.84
20-07-2023,83,North,1,177.12
20-07-2023,77,West,1,190.71
20-07-2023,81,West,1,180.89
20-07-2023,10,East,0,100.04
20-07-2023,44,North,0,110.45
20-07-2023,80,West,1,191.58
20-07-2023,30,East,0,118.18
21-07-2023,38,South,0,111.97
21-07-2023,68,North,1,177.6
21-07-2023,23,South,0,118.5
21-07-2023,18,South,0,114.56
21-07-2023,10,North,0,95.87
21-07-2023,65,East,1,183.13
21-07-2023,20,East,0,104.19
21-07-2023,64,North,0,118.6
21-07-2023,35,East,1,152.92
21-07-2023,85,South,1,186.16
21-07-2023,87,North,1,192.41
21-07-2023,42,North,0,117.16
21-07-2023,82,East,1,193.34
21-07-2023,80,West,1,190.72
21-07-2023,67,South,1,183.18
21-07-2023,19,South,0,102.37
21-07-2023,21,West,0,104.66
22-07-2023,26,North,0,116.15
22-07-2023,20,East,0,106.1
22-07-2023,54,South,1,168.99
22-07-2023,81,North,1,182.46
22-07-2023,54,North,0,112.93
22-07-2023,43,North,0,115.63
22-07-2023,52,West,1,179.91
22-07-2023,62,North,1,174.13
22-07-2023,70,East,1,174.64
22-07-2023,14,West,0,92.77
22-07-2023,43,West,0,117.65
22-07-2023,53,South,0,124.27
22-07-2023,83,East,1,189.94
22-07-2023,46,South,1,161.01
22-07-2023,28,East,1,155.48
22-07-2023,78,South,1,184.96
22-07-2023,39,North,1,160.74
22-07-2023,12,North,0,93.75
22-07-2023,21,South,0,106.06
23-07-2023,77,East,1,178.3
23-07-2023,11,West,1,149.14
23-07-2023,13,South,0,96.53
23-07-2023,48,North,0,114.77
23-07-2023,39,West,0,120.47
23-07-2023,29,West,0,110.74
23-07-2023,27,West,0,104.85
23-07-2023,78,South,1,184.57
23-07-2023,83,East,1,191.54
23-07-2023,35,East,1,165.65
23-07-2023,52,East,1,168.75
23-07-2023,53,South,0,120.37
23-07-2023,36,West,0,117.51
23-07-2023,19,North,0,110.97
23-07-2023,86,North,1,183.37
24-07-2023,29,North,0,112.84
24-07-2023,87,East,1,194.39
24-07-2023,61,West,1,178.31
24-07-2023,34,West,0,113.14
24-07-2023,13,West,0,106.66
24-07-2023,29,South,0,107.87
24-07-2023,16,North,0,98.08
24-07-2023,36,North,1,161.9
24-07-2023,40,West,0,115.88
24-07-2023,48,East,1,170.23
24-07-2023,22,West,0,104.12
24-07-2023,85,East,1,187.53
24-07-2023,60,East,0,120.02
24-07-2023,79,North,1,197.22
24-07-2023,29,South,0,105.99
24-07-2023,41,East,0,112.72
24-07-2023,85,West,1,187.0
24-07-2023,71,West,1,169.25
25-07-2023,34,East,0,104.76
25-07-2023,49,East,0,121.83
25-07-2023,14,North,0,96.07
25-07-2023,14,North,0,102.54
25-07-2023,35,North,0,115.27
25-07-2023,70,East,1,179.64
25-07-2023,30,West,0,119.71
25-07-2023,20,West,0,114.92
25-07-2023,44,West,0,109.36
25-07-2023,50,West,1,178.73
25-07-2023,18,West,0,105.97
25-07-2023,33,North,0,103.12
25-07-2023,80,North,1,184.67
25-07-2023,52,North,1,171.56
25-07-2023,47,West,1,175.0
25-07-2023,28,West,0,113.35
25-07-2023,25,South,0,105.42
25-07-2023,58,East,1,167.12
25-07-2023,47,North,1,165.34
25-07-2023,76,North,1,183.32
25-07-2023,64,East,1,184.14
25-07-2023,31,South,0,110.13
25-07-2023,42,West,1,165.72
26-07-2023,45,South,0,112.9
26-07-2023,67,North,1,179.85
26-07-2023,79,East,1,179.46
26-07-2023,20,East,0,99.99
26-07-2023,20,South,0,102.85
26-07-2023,20,East,0,110.93
26-07-2023,31,North,0,110.74
26-07-2023,51,South,0,127.26
26-07-2023,52,South,1,167.6
26-07-2023,50,North,0,116.74
26-07-2023,30,South,0,117.28
26-07-2023,65,South,1,176.82
26-07-2023,84,East,1,185.98
26-07-2023,13,West,0,103.21
26-07-2023,63,East,1,169.47
26-07-2023,65,West,1,173.91
26-07-2023,31,North,0,118.39
26-07-2023,57,West,1,171.59
26-07-2023,31,West,0,108.6
26-07-2023,48,West,0,123.52
26-07-2023,14,North,0,97.77
26-07-2023,72,North,1,183.55
27-07-2023,19,West,0,108.95
27-07-2023,75,North,1,171.38
27-07-2023,38,East,0,115.26
27-07-2023,40,South,1,160.78
27-07-2023,60,South,1,178.24
27-07-2023,74,South,1,182.91
27-07-2023,17,South,0,101.19
27-07-2023,27,East,0,115.63
27-07-2023,65,North,1,179.69
27-07-2023,11,South,0,102.53
27-07-2023,12,South,0,108.88
27-07-2023,15,South,0,97.4
27-07-2023,60,North,1,183.19
27-07-2023,79,East,1,182.53
27-07-2023,43,West,0,120.8
27-07-2023,88,North,1,191.53
27-07-2023,26,West,0,108.96
27-07-2023,85,East,1,186.18
27-07-2023,62,East,1,181.74
27-07-2023,18,West,0,101.86
27-07-2023,12,South,0,86.64
27-07-2023,40,South,0,122.41
28-07-2023,71,West,1,185.86
28-07-2023,50,East,1,160.11
28-07-2023,73,East,1,182.74
28-07-2023,60,West,0,137.23
28-07-2023,83,West,1,184.79
28-07-2023,25,West,0,108.55
28-07-2023,32,North,0,97.41
28-07-2023,38,North,0,123.56
28-07-2023,23,North,0,117.02
28-07-2023,43,East,0,114.3
28-07-2023,51,West,0,112.3
29-07-2023,59,West,1,176.11
29-07-2023,58,West,1,165.63
29-07-2023,17,South,0,103.56
29-07-2023,47,North,0,105.96
29-07-2023,43,West,0,118.49
29-07-2023,26,West,0,115.61
29-07-2023,75,West,1,183.64
29-07-2023,61,East,0,135.46
29-07-2023,62,South,0,140.61
29-07-2023,26,East,0,126.59
29-07-2023,14,West,0,95.35
29-07-2023,77,South,1,190.73
29-07-2023,74,South,1,181.42
29-07-2023,62,West,1,160.0
29-07-2023,65,West,0,134.25
30-07-2023,87,East,1,193.17
30-07-2023,10,North,0,91.45
30-07-2023,26,North,0,109.89
30-07-2023,12,South,0,101.97
30-07-2023,66,North,0,132.77
30-07-2023,59,East,0,114.02
30-07-2023,18,North,1,157.45
30-07-2023,27,North,0,102.85
30-07-2023,38,West,0,103.43
30-07-2023,42,North,0,110.81
30-07-2023,61,East,1,163.4
30-07-2023,36,West,0,109.84
31-07-2023,71,South,1,177.47
31-07-2023,42,West,0,117.12
31-07-2023,62,South,1,174.81
31-07-2023,34,South,0,109.97
31-07-2023,89,East,1,179.47
31-07-2023,87,North,1,192.68
31-07-2023,52,West,1,172.64
31-07-2023,84,North,1,183.88
31-07-2023,70,West,1,174.48
31-07-2023,39,North,1,156.63
31-07-2023,16,North,0,96.9
31-07-2023,60,South,1,172.77
31-07-2023,53,West,0,132.39
31-07-2023,77,West,1,187.32
01-08-2023,10,East,0,98.16
01-08-2023,78,North,1,185.48
01-08-2023,22,North,0,104.12
01-08-2023,62,East,1,171.0
01-08-2023,83,North,1,187.63
01-08-2023,41,East,0,108.87
01-08-2023,58,South,1,172.91
01-08-2023,64,South,1,178.43
01-08-2023,33,North,1,162.21
01-08-2023,13,East,0,105.45
01-08-2023,75,East,1,182.59
01-08-2023,18,South,0,99.4
01-08-2023,35,North,0,109.41
01-08-2023,33,South,0,107.87
01-08-2023,67,East,1,179.66
01-08-2023,68,South,1,169.45
01-08-2023,37,North,0,115.66
01-08-2023,32,East,0,114.15
01-08-2023,61,West,1,165.82
01-08-2023,83,North,1,191.03
01-08-2023,37,South,0,119.1
01-08-2023,73,West,1,183.32
02-08-2023,71,South,1,180.89
02-08-2023,39,West,0,117.28
02-08-2023,58,North,1,176.2
02-08-2023,42,East,0,118.58
02-08-2023,82,South,1,183.45
02-08-2023,36,West,0,110.01
02-08-2023,71,West,1,174.96
02-08-2023,67,North,1,178.67
02-08-2023,46,West,1,157.36
02-08-2023,81,West,1,180.28
02-08-2023,76,North,1,181.67
02-08-2023,87,North,1,178.93
02-08-2023,86,West,1,188.24
02-08-2023,18,North,0,102.34
02-08-2023,68,East,0,123.84
02-08-2023,44,South,0,126.05
02-08-2023,46,North,0,110.73
02-08-2023,60,North,1,179.14
02-08-2023,63,North,0,120.96
02-08-2023,28,East,0,101.59
02-08-2023,59,West,1,175.3
03-08-2023,71,North,1,178.3
03-08-2023,45,South,0,109.61
03-08-2023,65,West,1,174.26
03-08-2023,35,South,0,116.46
03-08-2023,20,North,0,106.26
03-08-2023,76,West,1,182.5
03-08-2023,15,North,0,103.09
03-08-2023,62,West,1,171.95
04-08-2023,53,West,1,173.22
04-08-2023,28,North,0,111.77
04-08-2023,67,West,1,178.41
04-08-2023,80,North,1,187.32
04-08-2023,14,East,0,97.41
04-08-2023,50,East,1,171.13
04-08-2023,18,East,0,114.33
04-08-2023,51,North,1,177.72
04-08-2023,82,East,1,182.55
04-08-2023,13,East,0,107.5
04-08-2023,49,East,0,120.86
04-08-2023,81,South,0,135.73
04-08-2023,86,East,1,185.33
04-08-2023,71,East,1,180.81
04-08-2023,69,South,0,135.0
04-08-2023,63,North,1,180.58
04-08-2023,11,East,0,90.17
04-08-2023,58,West,1,180.75
04-08-2023,48,West,0,121.79
04-08-2023,28,East,0,105.35
04-08-2023,26,South,0,105.69
04-08-2023,42,East,0,115.5
05-08-2023,28,West,0,112.4
05-08-2023,75,South,1,192.37
05-08-2023,11,East,0,90.47
05-08-2023,14,South,0,88.7
05-08-2023,44,South,1,160.89
05-08-2023,41,South,0,115.11
05-08-2023,59,West,1,185.14
05-08-2023,86,West,1,183.26
05-08-2023,23,South,0,103.61
05-08-2023,38,North,0,104.51
05-08-2023,25,South,1,152.73
05-08-2023,73,East,1,180.86
05-08-2023,18,West,0,100.92
05-08-2023,12,South,0,102.17
05-08-2023,44,South,1,168.18
05-08-2023,82,South,1,185.99
05-08-2023,89,East,1,192.02
05-08-2023,61,South,0,126.0
05-08-2023,49,West,1,176.76
05-08-2023,61,East,1,174.94
05-08-2023,75,South,1,175.68
05-08-2023,82,North,1,186.28
05-08-2023,63,South,1,169.13
06-08-2023,79,East,1,181.22
06-08-2023,55,South,0,119.89
06-08-2023,23,East,0,105.06
06-08-2023,66,South,0,126.54
06-08-2023,50,East,1,163.47
06-08-2023,12,North,0,99.29
06-08-2023,88,South,1,194.03
06-08-2023,20,North,0,101.9
06-08-2023,26,South,0,111.77
06-08-2023,64,South,1,169.79
06-08-2023,48,East,0,114.67
06-08-2023,81,West,1,182.63
06-08-2023,52,East,1,174.0
06-08-2023,10,East,0,105.85
06-08-2023,53,East,1,178.62
06-08-2023,80,North,1,183.92
06-08-2023,77,East,1,188.2
06-08-2023,21,East,0,105.29
06-08-2023,13,East,0,102.21
06-08-2023,26,West,0,112.26
06-08-2023,42,South,1,165.81
06-08-2023,76,South,1,179.79
07-08-2023,58,South,1,174.42
07-08-2023,11,North,0,99.46
07-08-2023,22,North,0,103.19
07-08-2023,41,South,0,118.58
07-08-2023,50,West,0,119.98
07-08-2023,39,East,0,111.41
07-08-2023,52,South,0,122.5
07-08-2023,89,North,1,181.99
07-08-2023,53,North,0,120.59
07-08-2023,88,South,1,181.05
07-08-2023,14,North,0,106.38
07-08-2023,40,East,0,114.19
07-08-2023,80,West,1,181.55
07-08-2023,58,West,1,180.35
07-08-2023,33,East,0,108.8
07-08-2023,48,North,0,105.65
07-08-2023,69,North,1,190.9
07-08-2023,43,West,1,172.4
08-08-2023,24,North,0,103.49
08-08-2023,70,North,1,181.0
08-08-2023,65,West,0,124.13
08-08-2023,60,West,1,186.63
08-08-2023,76,South,0,136.14
08-08-2023,69,East,1,178.77
08-08-2023,87,North,1,189.14
08-08-2023,53,North,0,121.5
08-08-2023,61,South,1,175.86
08-08-2023,85,South,1,179.65
08-08-2023,34,South,0,108.38
08-08-2023,85,North,1,189.71
08-08-2023,85,South,1,188.32
08-08-2023,75,South,1,184.73
08-08-2023,34,South,0,117.8
08-08-2023,13,West,0,91.73
08-08-2023,23,West,0,117.48
08-08-2023,73,East,1,175.39
08-08-2023,21,North,0,114.19
08-08-2023,61,North,0,140.69
09-08-2023,24,North,1,158.85
09-08-2023,68,North,1,174.56
09-08-2023,56,South,1,174.69
09-08-2023,23,North,0,121.0
09-08-2023,61,West,1,178.28
09-08-2023,67,North,1,174.6
09-08-2023,32,East,0,100.1
09-08-2023,56,West,1,170.96
09-08-2023,35,West,0,114.0
09-08-2023,56,South,1,178.03
09-08-2023,77,South,1,189.91
09-08-2023,46,South,1,166.05
09-08-2023,17,West,0,105.25
09-08-2023,18,North,0,104.95
09-08-2023,77,West,1,185.6
09-08-2023,30,South,0,112.71
09-08-2023,23,North,0,110.31
09-08-2023,30,North,0,107.25
09-08-2023,69,East,1,182.13
09-08-2023,15,West,0,103.91
09-08-2023,75,South,1,182.82
09-08-2023,51,North,1,168.88
10-08-2023,36,East,0,113.55
10-08-2023,13,East,0,97.32
10-08-2023,34,West,0,108.27
10-08-2023,72,East,0,141.57
10-08-2023,48,West,0,123.57
10-08-2023,37,North,0,118.27
10-08-2023,77,South,1,190.44
10-08-2023,88,West,1,192.43
10-08-2023,69,East,1,179.29
10-08-2023,54,East,0,115.51
10-08-2023,29,North,0,115.11
10-08-2023,87,West,1,187.85
10-08-2023,16,South,0,100.84
10-08-2023,37,West,1,167.76
10-08-2023,14,West,0,103.05
11-08-2023,72,West,1,180.98
11-08-2023,43,East,1,166.15
11-08-2023,14,West,0,100.09
11-08-2023,31,West,0,115.34
11-08-2023,11,North,0,94.41
11-08-2023,49,South,1,161.01
11-08-2023,23,East,0,114.54
11-08-2023,61,South,1,174.8
11-08-2023,60,South,1,172.92
11-08-2023,78,West,1,189.45
12-08-2023,88,North,1,200.06
12-08-2023,45,West,0,114.38
12-08-2023,59,North,1,171.62
12-08-2023,55,North,1,178.29
12-08-2023,79,South,1,177.46
12-08-2023,62,East,1,172.75
12-08-2023,86,West,1,188.93
12-08-2023,23,East,0,107.38
12-08-2023,21,South,0,113.32
12-08-2023,67,North,1,173.93
12-08-2023,87,East,1,188.59
12-08-2023,72,East,1,180.8
12-08-2023,32,East,0,113.45
12-08-2023,80,West,1,190.15
12-08-2023,87,West,1,196.51
12-08-2023,31,West,0,112.21
13-08-2023,59,West,1,174.61
13-08-2023,20,South,0,106.3
13-08-2023,49,East,0,111.15
13-08-2023,54,West,1,168.89
13-08-2023,73,West,1,190.61
13-08-2023,37,South,0,119.38
13-08-2023,78,South,0,137.3
13-08-2023,21,East,0,101.09
13-08-2023,15,West,0,100.74
13-08-2023,75,East,1,182.92
13-08-2023,55,North,1,178.48
13-08-2023,16,East,0,107.15
14-08-2023,11,North,0,93.78
14-08-2023,43,West,0,114.93
14-08-2023,82,West,1,179.78
14-08-2023,15,West,0,109.5
14-08-2023,61,East,0,130.57
14-08-2023,59,South,1,170.33
14-08-2023,25,North,0,104.11
14-08-2023,37,South,1,160.14
14-08-2023,11,West,1,145.75
14-08-2023,21,East,0,106.91
14-08-2023,50,North,0,112.56
14-08-2023,46,South,0,110.01
14-08-2023,82,North,1,182.26
15-08-2023,20,South,0,91.93
15-08-2023,50,East,1,163.1
15-08-2023,34,South,0,112.01
15-08-2023,78,South,1,172.99
15-08-2023,57,North,0,117.0
15-08-2023,22,South,0,117.79
15-08-2023,11,West,0,106.59
15-08-2023,24,East,0,105.0
15-08-2023,45,North,0,112.34
15-08-2023,62,North,1,173.37
15-08-2023,59,South,1,172.54
15-08-2023,36,East,0,115.08
15-08-2023,14,South,0,96.51
15-08-2023,55,East,0,115.79
15-08-2023,52,North,0,119.65
15-08-2023,35,East,0,117.63
15-08-2023,69,South,1,174.11
15-08-2023,73,North,1,176.56
15-08-2023,23,West,0,106.4
15-08-2023,74,South,1,186.32
15-08-2023,69,West,1,166.52
15-08-2023,48,East,0,126.06
15-08-2023,60,North,1,177.99
15-08-2023,89,South,1,186.66
15-08-2023,83,North,1,185.55
16-08-2023,54,West,1,177.04
16-08-2023,47,South,1,172.55
16-08-2023,36,East,0,113.68
16-08-2023,80,North,1,181.42
16-08-2023,37,South,0,114.28
16-08-2023,78,North,1,188.09
16-08-2023,51,South,1,161.4
16-08-2023,35,West,0,110.74
16-08-2023,85,South,1,179.95
16-08-2023,27,East,0,108.43
16-08-2023,20,North,0,101.99
16-08-2023,88,North,1,190.07
16-08-2023,48,West,1,173.05
16-08-2023,17,North,0,101.63
16-08-2023,71,East,1,185.56
16-08-2023,44,East,1,167.8
16-08-2023,74,North,1,181.17
16-08-2023,25,West,0,103.3
16-08-2023,42,South,0,113.2
16-08-2023,86,South,1,193.93
16-08-2023,78,West,1,183.23
16-08-2023,23,West,0,104.75
16-08-2023,15,West,0,98.27
16-08-2023,16,North,0,98.16
16-08-2023,14,East,0,107.14
16-08-2023,25,West,0,108.41
17-08-2023,54,South,1,172.15
17-08-2023,78,West,1,179.72
17-08-2023,49,West,1,154.53
17-08-2023,64,North,1,178.32
17-08-2023,10,West,0,109.24
17-08-2023,47,North,1,164.37
17-08-2023,25,West,0,102.87
17-08-2023,45,South,0,118.35
17-08-2023,66,East,1,170.85
17-08-2023,12,East,0,100.36
17-08-2023,63,East,1,177.8
17-08-2023,28,West,0,102.83
17-08-2023,21,South,0,110.88
17-08-2023,84,South,1,194.97
17-08-2023,84,West,1,180.47
17-08-2023,72,South,1,180.53
17-08-2023,72,West,1,182.41
18-08-2023,54,West,0,122.25
18-08-2023,36,South,0,119.36
18-08-2023,32,North,0,117.3
18-08-2023,15,West,0,101.71
18-08-2023,79,East,1,187.59
18-08-2023,47,West,1,164.76
18-08-2023,84,North,1,186.38
18-08-2023,87,East,1,199.04
18-08-2023,48,North,1,169.93
18-08-2023,64,North,1,181.41
18-08-2023,82,West,1,184.64
18-08-2023,40,South,1,167.68
18-08-2023,75,East,1,180.36
18-08-2023,20,South,0,102.84
18-08-2023,43,East,0,107.96
18-08-2023,31,South,0,109.8
19-08-2023,33,North,0,110.19
19-08-2023,55,East,0,133.56
19-08-2023,76,East,1,183.74
19-08-2023,52,South,0,121.92
19-08-2023,73,West,1,189.37
19-08-2023,56,East,1,164.6
19-08-2023,16,South,0,99.29
19-08-2023,34,North,0,115.88
19-08-2023,53,West,1,163.12
19-08-2023,23,North,0,104.31
19-08-2023,47,West,1,164.13
19-08-2023,83,South,1,190.84
20-08-2023,40,East,1,166.91
20-08-2023,76,South,1,177.87
20-08-2023,11,West,0,107.32
20-08-2023,42,East,0,124.88
20-08-2023,47,South,0,116.34
20-08-2023,23,East,0,98.35
20-08-2023,35,West,0,116.37
20-08-2023,27,South,0,107.06
20-08-2023,76,North,1,183.33
20-08-2023,42,East,1,162.65
20-08-2023,64,South,1,172.22
20-08-2023,36,East,0,103.65
20-08-2023,65,North,1,177.2
20-08-2023,37,North,1,156.54
20-08-2023,67,East,1,178.99
20-08-2023,80,East,1,187.1
20-08-2023,55,East,1,165.57
21-08-2023,69,West,1,181.43
21-08-2023,52,West,1,173.79
21-08-2023,71,South,1,178.13
21-08-2023,71,South,1,175.45
21-08-2023,22,South,0,109.61
21-08-2023,63,North,0,131.49
21-08-2023,46,South,0,121.12
21-08-2023,69,South,0,132.27
21-08-2023,65,East,1,179.55
21-08-2023,14,North,0,95.59
21-08-2023,49,East,1,163.46
21-08-2023,86,West,1,178.98
21-08-2023,22,East,0,104.39
21-08-2023,81,South,1,193.55
21-08-2023,59,South,1,180.35
21-08-2023,42,South,1,168.45
21-08-2023,39,South,0,110.82
21-08-2023,66,West,0,121.8
21-08-2023,14,North,0,107.75
21-08-2023,34,East,0,112.35
22-08-2023,34,South,1,162.8
22-08-2023,24,South,0,106.11
22-08-2023,74,West,1,178.28
22-08-2023,14,South,0,100.68
22-08-2023,57,West,1,167.01
22-08-2023,69,North,0,132.01
22-08-2023,58,North,0,134.76
22-08-2023,83,South,1,190.74
22-08-2023,51,North,0,113.65
22-08-2023,81,South,1,182.28
22-08-2023,13,East,0,111.86
22-08-2023,83,East,1,182.1
22-08-2023,86,East,1,186.13
22-08-2023,86,East,1,187.26
22-08-2023,40,North,1,150.48
22-08-2023,18,East,0,104.47
22-08-2023,13,South,0,99.31
22-08-2023,81,North,1,187.8
22-08-2023,15,North,0,111.52
22-08-2023,23,South,0,107.7
22-08-2023,31,North,0,108.72
22-08-2023,38,East,0,117.03
22-08-2023,59,West,1,174.68
22-08-2023,35,East,0,119.35
22-08-2023,28,West,0,108.34
23-08-2023,26,South,0,107.22
23-08-2023,35,North,0,112.3
23-08-2023,86,South,1,176.08
23-08-2023,75,South,1,196.77
23-08-2023,74,South,0,134.84
23-08-2023,85,West,1,190.75
23-08-2023,27,West,1,169.11
23-08-2023,35,East,0,115.45
23-08-2023,42,East,0,106.69
23-08-2023,37,East,1,157.57
23-08-2023,24,North,0,95.07
23-08-2023,49,South,0,122.42
24-08-2023,30,East,0,109.55
24-08-2023,33,East,0,116.12
24-08-2023,41,South,1,169.82
24-08-2023,57,West,1,174.26
24-08-2023,22,South,0,102.46
24-08-2023,30,East,0,110.69
24-08-2023,57,North,1,170.96
24-08-2023,64,South,0,121.7
24-08-2023,75,North,1,187.05
24-08-2023,81,East,1,191.01
24-08-2023,64,East,0,120.29
24-08-2023,32,North,0,107.29
24-08-2023,23,South,0,101.6
24-08-2023,45,West,0,124.95
24-08-2023,24,East,1,162.89
25-08-2023,80,West,1,179.74
25-08-2023,54,East,0,120.75
25-08-2023,51,South,1,177.65
25-08-2023,73,South,1,178.34
25-08-2023,85,East,1,196.11
25-08-2023,79,North,1,182.06
25-08-2023,43,West,0,115.65
25-08-2023,46,East,0,114.07
25-08-2023,50,South,1,165.63
25-08-2023,28,West,0,106.4
25-08-2023,67,South,1,177.25
25-08-2023,61,East,0,123.17
25-08-2023,39,North,0,110.76
26-08-2023,41,East,0,122.45
26-08-2023,85,South,1,191.72
26-08-2023,87,North,1,184.74
26-08-2023,58,South,1,182.23
26-08-2023,28,East,1,159.26
26-08-2023,68,West,1,173.49
26-08-2023,29,East,0,97.15
26-08-2023,40,South,0,113.39
26-08-2023,41,East,0,120.36
26-08-2023,20,South,0,113.46
26-08-2023,54,East,0,124.68
26-08-2023,88,East,1,186.25
26-08-2023,83,West,0,136.72
26-08-2023,69,East,1,177.24
26-08-2023,59,West,1,177.12
26-08-2023,32,South,0,108.44
27-08-2023,69,North,1,182.43
27-08-2023,76,West,1,186.27
27-08-2023,75,South,1,193.21
27-08-2023,66,East,1,176.76
27-08-2023,76,East,1,190.73
27-08-2023,13,South,0,99.77
27-08-2023,33,East,0,109.63
27-08-2023,36,East,0,113.86
27-08-2023,51,North,0,118.7
27-08-2023,48,South,1,171.92
27-08-2023,24,North,1,154.22
27-08-2023,33,North,0,116.86
27-08-2023,34,North,0,102.61
27-08-2023,78,North,1,176.14
27-08-2023,46,East,1,171.35
27-08-2023,73,South,1,184.47
28-08-2023,38,West,0,113.09
28-08-2023,62,South,1,166.14
28-08-2023,54,North,1,162.57
28-08-2023,27,South,0,116.68
28-08-2023,13,East,0,102.04
28-08-2023,45,South,0,115.93
28-08-2023,29,North,0,109.35
28-08-2023,39,West,0,114.19
28-08-2023,20,West,0,107.02
28-08-2023,71,South,1,176.49
28-08-2023,56,East,1,175.7
28-08-2023,46,West,0,126.55
28-08-2023,37,North,0,115.61
28-08-2023,72,North,1,186.47
28-08-2023,76,North,1,186.44
28-08-2023,55,West,1,170.54
28-08-2023,29,South,0,109.53
28-08-2023,36,North,0,113.07
28-08-2023,86,East,1,191.87
28-08-2023,39,East,0,110.09
28-08-2023,80,West,1,187.18
28-08-2023,71,West,1,177.9
28-08-2023,49,West,0,123.29
28-08-2023,50,North,0,119.66
28-08-2023,66,North,1,176.03
28-08-2023,34,North,0,110.57
28-08-2023,82,South,1,188.97
29-08-2023,37,North,0,113.25
29-08-2023,24,South,0,104.47
29-08-2023,81,North,1,189.81
29-08-2023,85,South,1,186.45
29-08-2023,29,East,0,106.88
29-08-2023,45,North,1,161.12
29-08-2023,89,North,1,199.94
29-08-2023,76,West,1,184.16
29-08-2023,33,South,0,109.45
29-08-2023,76,East,1,184.35
29-08-2023,52,North,1,172.94
29-08-2023,55,South,1,168.47
29-08-2023,19,West,0,101.62
29-08-2023,81,North,1,189.53
29-08-2023,30,West,0,117.54
29-08-2023,16,South,0,102.05
29-08-2023,75,South,1,176.95
29-08-2023,16,East,0,110.27
29-08-2023,66,South,1,178.67
29-08-2023,70,North,1,182.61
30-08-2023,72,East,1,178.71
30-08-2023,38,West,0,116.2
30-08-2023,83,East,1,190.17
30-08-2023,16,East,0,104.64
30-08-2023,40,West,0,112.55
30-08-2023,77,East,0,142.51
30-08-2023,26,East,0,106.15
30-08-2023,65,South,1,181.14
30-08-2023,81,South,1,182.28
30-08-2023,16,East,0,97.59
30-08-2023,17,North,0,106.49
31-08-2023,81,North,1,193.9
31-08-2023,71,South,1,181.34
31-08-2023,24,East,0,107.54
31-08-2023,61,North,1,175.42
31-08-2023,75,North,1,177.24
31-08-2023,14,South,0,99.92
31-08-2023,57,North,0,132.11
31-08-2023,60,East,1,179.14
31-08-2023,78,West,1,177.52
31-08-2023,58,North,1,173.34
31-08-2023,79,West,1,179.5
31-08-2023,14,East,0,103.56
31-08-2023,18,South,0,96.43
31-08-2023,52,South,1,176.69
31-08-2023,70,South,1,175.28
31-08-2023,81,West,1,183.17
31-08-2023,68,West,1,177.24
31-08-2023,19,West,0,100.41
01-09-2023,74,North,1,183.85
01-09-2023,46,East,0,112.01
01-09-2023,25,West,0,103.7
01-09-2023,73,West,1,172.48
01-09-2023,82,West,1,187.24
01-09-2023,81,East,1,184.19
01-09-2023,79,North,1,181.43
01-09-2023,61,North,1,170.56
01-09-2023,75,North,1,181.04
01-09-2023,27,East,0,109.08
01-09-2023,29,West,0,109.96
01-09-2023,79,North,1,181.09
01-09-2023,88,South,1,188.97
01-09-2023,43,East,0,118.96
01-09-2023,67,East,1,179.95
01-09-2023,59,West,1,171.61
01-09-2023,58,South,1,172.4
01-09-2023,44,West,0,111.79
01-09-2023,30,North,0,119.38
01-09-2023,55,South,1,183.05
02-09-2023,11,South,0,93.14
02-09-2023,66,North,1,179.75
02-09-2023,38,East,0,116.45
02-09-2023,48,South,0,125.46
02-09-2023,28,West,0,103.99
02-09-2023,40,North,0,119.94
02-09-2023,16,East,0,102.19
02-09-2023,17,South,0,104.04
02-09-2023,84,West,1,181.9
02-09-2023,63,East,1,169.07
02-09-2023,45,East,0,111.96
02-09-2023,81,South,1,179.77
02-09-2023,35,West,0,117.82
02-09-2023,57,West,1,169.64
02-09-2023,56,South,0,124.08
02-09-2023,53,North,1,174.74
02-09-2023,24,South,0,116.65
02-09-2023,79,North,1,191.93
02-09-2023,84,West,1,190.33
02-09-2023,31,East,0,106.94
03-09-2023,76,North,1,165.36
03-09-2023,68,North,1,192.64
03-09-2023,55,West,1,167.22
03-09-2023,59,North,0,132.11
03-09-2023,78,West,1,181.08
03-09-2023,89,South,1,194.4
03-09-2023,51,South,1,177.68
03-09-2023,55,North,1,178.73
03-09-2023,84,East,1,194.66
03-09-2023,44,South,1,166.86
03-09-2023,17,North,0,103.99
03-09-2023,22,West,0,106.42
03-09-2023,18,East,0,102.99
03-09-2023,63,East,1,176.55
03-09-2023,78,West,1,178.48
04-09-2023,89,East,1,178.52
04-09-2023,35,South,0,109.21
04-09-2023,80,North,1,195.82
04-09-2023,45,South,1,167.02
04-09-2023,22,North,0,110.54
04-09-2023,73,South,1,179.74
04-09-2023,52,East,0,108.81
04-09-2023,28,East,0,101.16
04-09-2023,73,North,1,181.95
04-09-2023,82,West,1,183.34
04-09-2023,35,South,0,120.72
04-09-2023,34,North,1,167.46
04-09-2023,88,East,0,128.11
04-09-2023,33,North,0,111.72
04-09-2023,79,North,1,183.44
04-09-2023,47,North,0,124.05
05-09-2023,12,South,0,98.76
05-09-2023,36,North,0,117.91
05-09-2023,16,West,0,102.94
05-09-2023,42,South,0,115.0
05-09-2023,18,South,0,94.23
05-09-2023,21,South,0,110.88
05-09-2023,73,South,1,186.08
05-09-2023,17,South,0,98.38
05-09-2023,12,South,0,94.32
05-09-2023,56,South,1,162.83
05-09-2023,12,West,0,95.87
05-09-2023,63,East,1,182.61
05-09-2023,75,West,1,186.61
05-09-2023,76,East,1,196.97
05-09-2023,40,East,1,160.42
05-09-2023,26,West,0,113.88
05-09-2023,19,East,0,103.84
05-09-2023,28,South,0,103.81
05-09-2023,28,East,0,116.0
05-09-2023,67,South,1,177.41
06-09-2023,27,North,0,109.72
06-09-2023,37,East,0,102.51
06-09-2023,64,North,1,189.15
06-09-2023,62,West,1,180.83
06-09-2023,29,East,0,113.67
06-09-2023,74,North,1,179.38
06-09-2023,84,East,1,183.08
06-09-2023,86,East,1,187.15
06-09-2023,17,North,0,98.67
06-09-2023,36,West,0,114.61
06-09-2023,49,South,1,177.12
06-09-2023,44,East,0,112.51
06-09-2023,52,North,0,116.25
06-09-2023,62,East,1,182.39
06-09-2023,58,West,0,115.12
07-09-2023,63,South,1,182.87
07-09-2023,60,West,1,169.77
07-09-2023,23,North,0,104.73
07-09-2023,69,North,1,185.23
07-09-2023,40,North,0,114.91
07-09-2023,70,North,1,177.22
07-09-2023,53,East,0,122.13
07-09-2023,37,West,0,111.2
07-09-2023,80,South,1,187.55
07-09-2023,14,North,0,108.91
07-09-2023,58,South,0,125.44
07-09-2023,13,West,0,103.42
07-09-2023,23,East,0,114.76
07-09-2023,12,South,0,95.84
07-09-2023,26,East,0,101.37
07-09-2023,48,East,0,118.41
07-09-2023,74,East,1,185.82
07-09-2023,61,East,1,173.97
08-09-2023,54,South,1,173.04
08-09-2023,47,North,0,117.13
08-09-2023,67,West,1,174.83
08-09-2023,52,North,0,129.58
08-09-2023,39,South,1,167.97
08-09-2023,20,North,0,92.4
08-09-2023,69,North,1,180.39
08-09-2023,25,South,0,93.25
08-09-2023,24,West,0,108.77
08-09-2023,26,North,0,112.74
08-09-2023,74,North,1,183.46
08-09-2023,20,North,0,103.65
08-09-2023,41,East,1,164.02
08-09-2023,85,West,1,181.75
08-09-2023,18,North,0,101.16
08-09-2023,72,West,1,182.71
09-09-2023,12,West,0,100.46
09-09-2023,18,East,0,106.59
09-09-2023,48,South,0,116.91
09-09-2023,10,East,0,92.68
09-09-2023,15,North,0,105.98
09-09-2023,71,North,1,182.45
09-09-2023,25,North,0,102.01
09-09-2023,15,West,0,101.8
09-09-2023,46,North,1,176.43
09-09-2023,31,East,0,107.4
09-09-2023,69,East,1,181.93
09-09-2023,31,West,0,107.2
09-09-2023,59,South,1,172.39
09-09-2023,23,East,0,105.75
09-09-2023,43,North,0,120.25
10-09-2023,21,East,0,110.77
10-09-2023,16,South,0,93.66
10-09-2023,34,South,1,160.73
10-09-2023,79,North,1,178.23
10-09-2023,63,North,1,178.6
10-09-2023,60,North,1,176.92
10-09-2023,72,South,1,183.5
10-09-2023,58,East,1,170.42
10-09-2023,52,West,1,176.52
11-09-2023,16,East,0,113.77
11-09-2023,33,East,0,112.59
11-09-2023,16,East,0,102.91
11-09-2023,58,East,1,173.72
11-09-2023,38,West,1,156.07
11-09-2023,49,East,1,175.07
11-09-2023,34,North,1,151.82
11-09-2023,12,West,0,93.19
11-09-2023,26,North,0,116.18
11-09-2023,43,East,0,114.27
11-09-2023,36,East,0,112.66
11-09-2023,68,West,1,189.38
11-09-2023,17,East,0,102.25
11-09-2023,71,South,1,185.85
11-09-2023,86,North,1,176.01
11-09-2023,39,South,0,113.47
11-09-2023,61,North,1,167.09
11-09-2023,15,South,0,94.87
11-09-2023,86,South,1,187.91
11-09-2023,14,South,0,100.64
12-09-2023,22,North,0,107.86
12-09-2023,54,North,1,165.47
12-09-2023,77,North,1,184.93
12-09-2023,20,North,0,111.32
12-09-2023,63,South,1,179.97
12-09-2023,71,South,1,176.48
12-09-2023,69,South,0,127.26
12-09-2023,39,North,0,118.69
12-09-2023,85,West,1,186.02
12-09-2023,77,East,1,181.51
12-09-2023,71,East,1,181.88
12-09-2023,46,West,0,117.34
12-09-2023,36,North,1,158.34
13-09-2023,15,South,0,110.1
13-09-2023,52,South,1,163.55
13-09-2023,32,West,0,116.49
13-09-2023,76,South,1,190.36
13-09-2023,86,East,1,195.81
13-09-2023,73,South,1,182.09
13-09-2023,58,East,1,179.69
13-09-2023,16,East,0,98.81
13-09-2023,42,East,0,120.05
13-09-2023,71,West,0,141.42
13-09-2023,33,West,0,106.87
13-09-2023,50,East,0,110.82
13-09-2023,63,North,1,174.53
13-09-2023,26,South,0,113.42
13-09-2023,50,North,1,172.24
13-09-2023,51,West,1,169.76
13-09-2023,11,West,0,105.75
14-09-2023,19,East,0,102.78
14-09-2023,70,West,1,178.23
14-09-2023,45,West,0,117.87
14-09-2023,63,East,1,175.55
14-09-2023,29,North,0,111.58
14-09-2023,29,South,0,102.87
14-09-2023,23,South,0,110.46
14-09-2023,89,South,1,185.76
14-09-2023,44,West,1,164.13
14-09-2023,79,North,1,180.12
14-09-2023,86,North,1,186.38
14-09-2023,62,North,0,115.75
14-09-2023,57,South,1,173.62
14-09-2023,18,East,0,104.71
14-09-2023,32,South,0,116.52
15-09-2023,79,East,1,190.29
15-09-2023,24,East,1,156.77
15-09-2023,72,East,1,174.88
15-09-2023,77,West,1,182.05
15-09-2023,54,South,0,117.21
15-09-2023,76,West,1,182.57
15-09-2023,29,South,0,104.21
15-09-2023,88,West,1,191.16
15-09-2023,29,South,1,160.25
15-09-2023,71,North,1,181.69
15-09-2023,14,West,0,93.3
15-09-2023,58,South,1,168.67
15-09-2023,53,West,1,173.4
15-09-2023,73,East,1,183.04
15-09-2023,16,North,0,96.75
15-09-2023,42,West,0,113.65
15-09-2023,23,North,0,108.0
15-09-2023,15,West,0,108.82
15-09-2023,16,East,0,103.39
15-09-2023,74,West,1,182.64
16-09-2023,30,West,0,112.85
16-09-2023,84,West,1,191.66
16-09-2023,39,West,0,112.17
16-09-2023,50,North,1,163.72
16-09-2023,73,West,1,176.64
16-09-2023,38,North,1,169.18
16-09-2023,14,East,0,98.62
16-09-2023,80,East,1,178.0
16-09-2023,36,East,1,161.48
16-09-2023,87,North,1,175.13
16-09-2023,13,South,0,102.16
16-09-2023,78,North,0,135.47
16-09-2023,65,North,1,179.48
17-09-2023,25,West,0,108.97
17-09-2023,38,South,0,99.25
17-09-2023,18,North,1,148.62
17-09-2023,70,South,1,180.14
17-09-2023,53,West,1,175.84
17-09-2023,38,West,0,114.36
17-09-2023,22,South,0,108.58
17-09-2023,73,South,1,187.12
17-09-2023,49,South,1,163.37
17-09-2023,12,East,0,100.15
17-09-2023,27,South,0,112.58
17-09-2023,34,West,0,111.16
17-09-2023,15,East,0,107.2
18-09-2023,28,West,0,92.51
18-09-2023,89,East,1,197.94
18-09-2023,45,East,1,161.72
18-09-2023,22,South,0,100.73
18-09-2023,14,South,0,103.63
18-09-2023,52,West,0,116.54
18-09-2023,34,West,1,159.95
18-09-2023,57,North,1,175.44
18-09-2023,15,East,0,108.14
18-09-2023,39,West,0,107.28
18-09-2023,29,West,0,104.03
18-09-2023,71,South,1,184.12
18-09-2023,22,West,0,98.23
19-09-2023,41,West,1,165.22
19-09-2023,67,West,1,174.87
19-09-2023,42,South,0,120.49
19-09-2023,26,South,0,110.95
19-09-2023,47,North,0,118.77
19-09-2023,59,West,0,121.07
19-09-2023,80,East,1,180.82
19-09-2023,78,West,1,186.09
19-09-2023,44,East,0,115.09
19-09-2023,21,South,0,115.96
19-09-2023,88,East,1,196.18
19-09-2023,29,South,0,111.7
19-09-2023,39,West,0,114.4
19-09-2023,69,North,1,186.37
19-09-2023,62,East,0,123.32
19-09-2023,69,North,1,177.66
19-09-2023,47,North,0,110.45
19-09-2023,50,West,1,171.44
19-09-2023,21,East,0,109.34
20-09-2023,28,North,0,105.5
20-09-2023,18,East,0,111.25
20-09-2023,75,West,1,183.59
20-09-2023,27,East,0,107.36
20-09-2023,17,East,0,103.72
20-09-2023,72,East,1,187.81
20-09-2023,14,West,0,103.01
20-09-2023,79,South,1,181.68
20-09-2023,65,South,1,178.96
20-09-2023,26,South,0,99.29
20-09-2023,89,West,1,186.62
20-09-2023,55,North,1,178.02
20-09-2023,80,West,1,186.45
20-09-2023,49,North,0,123.09
20-09-2023,89,East,1,184.88
20-09-2023,23,South,0,109.66
20-09-2023,25,West,0,102.94
20-09-2023,17,West,0,102.57
20-09-2023,42,North,0,107.18
21-09-2023,88,East,1,190.47
21-09-2023,35,East,0,113.46
21-09-2023,39,North,0,110.72
21-09-2023,17,East,0,103.05
21-09-2023,58,East,1,181.02
21-09-2023,31,East,1,164.05
21-09-2023,48,South,0,115.82
21-09-2023,79,South,1,185.4
21-09-2023,77,South,1,185.88
21-09-2023,16,East,0,97.21
21-09-2023,55,North,1,176.05
21-09-2023,15,East,0,107.13
21-09-2023,38,North,0,118.93
21-09-2023,88,North,1,184.64
22-09-2023,48,North,0,127.77
22-09-2023,17,East,0,104.21
22-09-2023,38,West,0,119.66
22-09-2023,81,North,1,185.29
22-09-2023,28,North,0,105.68
22-09-2023,28,West,0,103.72
22-09-2023,18,North,1,151.38
22-09-2023,83,South,1,187.78
22-09-2023,44,East,1,163.16
22-09-2023,54,East,1,170.68
22-09-2023,29,West,1,158.74
22-09-2023,36,East,0,111.3
22-09-2023,20,West,0,100.58
22-09-2023,42,West,1,164.56
22-09-2023,41,West,0,122.51
22-09-2023,69,North,1,187.23
23-09-2023,72,West,1,188.06
23-09-2023,80,West,1,178.83
23-09-2023,45,North,0,113.1
23-09-2023,61,North,1,181.67
23-09-2023,13,East,0,97.89
23-09-2023,36,East,0,103.71
23-09-2023,21,South,0,94.39
23-09-2023,56,South,1,174.62
23-09-2023,53,East,0,117.07
23-09-2023,80,East,1,173.38
23-09-2023,88,West,1,191.8
23-09-2023,77,East,1,184.69
23-09-2023,82,North,1,188.88
23-09-2023,61,West,1,176.4
24-09-2023,60,North,0,125.75
24-09-2023,33,East,0,113.83
24-09-2023,46,North,1,174.67
24-09-2023,78,North,1,184.87
24-09-2023,27,South,0,107.43
24-09-2023,66,North,1,175.93
24-09-2023,45,East,0,115.33
24-09-2023,34,West,0,113.2
24-09-2023,51,West,0,123.98
24-09-2023,82,North,1,188.33
24-09-2023,40,North,0,111.06
24-09-2023,22,East,0,106.04
24-09-2023,52,North,1,164.91
24-09-2023,75,East,1,187.49
24-09-2023,30,West,0,108.37
25-09-2023,17,West,0,105.41
25-09-2023,25,North,1,168.43
25-09-2023,38,South,0,114.71
25-09-2023,58,East,1,177.39
25-09-2023,57,South,1,173.23
25-09-2023,49,North,0,120.19
25-09-2023,22,East,0,102.4
25-09-2023,40,East,0,120.1
25-09-2023,47,North,0,125.18
25-09-2023,20,North,0,108.2
25-09-2023,34,East,1,161.37
25-09-2023,56,North,1,177.06
26-09-2023,88,South,1,190.38
26-09-2023,39,East,1,163.03
26-09-2023,20,East,0,110.5
26-09-2023,33,North,0,108.16
26-09-2023,14,West,0,94.55
26-09-2023,12,North,0,102.23
26-09-2023,67,North,1,172.63
26-09-2023,63,East,0,120.66
26-09-2023,59,South,0,126.72
26-09-2023,71,North,1,175.69
26-09-2023,40,South,0,116.82
26-09-2023,22,West,0,110.01
26-09-2023,79,North,1,175.33
26-09-2023,10,East,0,86.44
27-09-2023,31,North,0,112.23
27-09-2023,26,South,0,106.61
27-09-2023,17,East,0,108.48
27-09-2023,63,East,1,172.02
27-09-2023,80,North,1,186.75
27-09-2023,29,East,0,117.44
27-09-2023,25,North,0,112.9
27-09-2023,35,North,1,174.31
27-09-2023,66,North,1,183.44
27-09-2023,33,South,0,115.2
27-09-2023,56,North,0,124.52
27-09-2023,22,East,0,107.55
27-09-2023,41,South,0,106.47
27-09-2023,31,West,1,161.24
27-09-2023,86,West,1,183.8
27-09-2023,53,North,1,164.75
27-09-2023,64,North,0,137.18
27-09-2023,62,North,1,184.63
28-09-2023,31,East,0,100.45
28-09-2023,16,North,0,108.67
28-09-2023,42,East,0,125.23
28-09-2023,87,South,1,192.03
28-09-2023,38,West,0,116.07
28-09-2023,69,South,1,175.27
28-09-2023,81,North,1,191.43
28-09-2023,26,North,0,100.57
28-09-2023,38,East,0,106.37
28-09-2023,18,East,0,103.64
29-09-2023,74,South,0,127.02
29-09-2023,73,North,1,192.02
29-09-2023,68,South,1,181.37
29-09-2023,83,South,0,130.7
29-09-2023,53,East,1,172.4
29-09-2023,17,East,0,100.03
29-09-2023,41,South,0,118.32
29-09-2023,74,East,1,184.75
29-09-2023,24,West,0,100.88
29-09-2023,26,East,0,108.13
29-09-2023,31,East,0,110.83
29-09-2023,61,North,1,170.08
29-09-2023,45,East,0,114.88
30-09-2023,33,West,0,125.63
30-09-2023,80,West,1,187.8
30-09-2023,83,North,1,181.52
30-09-2023,87,East,1,188.49
30-09-2023,18,North,0,103.32
30-09-2023,80,West,1,199.28
30-09-2023,52,East,0,123.94
30-09-2023,58,North,1,181.59
30-09-2023,27,East,0,102.7
30-09-2023,63,South,1,185.26
30-09-2023,65,South,1,173.51
30-09-2023,71,North,1,179.18
30-09-2023,80,South,1,185.76
30-09-2023,39,North,0,109.06
30-09-2023,65,West,1,177.04
01-10-2023,87,North,1,190.93
01-10-2023,74,East,1,185.05
01-10-2023,80,South,1,192.75
01-10-2023,29,West,0,101.96
01-10-2023,49,North,0,113.32
01-10-2023,47,South,0,122.08
01-10-2023,48,North,0,115.8
01-10-2023,15,West,0,109.94
01-10-2023,47,East,0,122.45
01-10-2023,73,South,1,178.93
01-10-2023,17,North,0,111.04
01-10-2023,45,East,0,115.81
01-10-2023,70,South,1,171.38
01-10-2023,42,East,0,116.84
01-10-2023,42,West,0,117.72
01-10-2023,45,West,0,108.48
01-10-2023,83,West,1,186.6
01-10-2023,17,East,0,111.5
01-10-2023,49,West,1,173.76
01-10-2023,48,South,0,114.43
01-10-2023,18,West,0,111.2
01-10-2023,68,East,1,170.31
01-10-2023,51,East,0,117.0
01-10-2023,56,West,0,120.93
02-10-2023,20,East,0,106.6
02-10-2023,33,North,0,107.42
02-10-2023,34,West,0,103.58
02-10-2023,66,North,1,191.12
02-10-2023,14,East,0,102.94
02-10-2023,27,North,0,107.55
02-10-2023,24,West,0,114.38
02-10-2023,39,East,0,115.45
02-10-2023,62,North,1,187.01
02-10-2023,46,West,1,170.15
02-10-2023,16,West,0,100.46
02-10-2023,17,East,0,106.45
02-10-2023,77,West,1,171.42
02-10-2023,48,West,1,161.95
03-10-2023,42,South,1,163.81
03-10-2023,61,East,1,180.38
03-10-2023,23,North,0,100.07
03-10-2023,15,West,0,106.08
03-10-2023,88,East,1,194.48
03-10-2023,85,South,1,192.9
03-10-2023,12,South,0,103.8
03-10-2023,19,West,0,99.05
03-10-2023,47,West,1,172.34
03-10-2023,21,South,0,107.69
03-10-2023,82,East,1,180.11
03-10-2023,86,North,1,188.57
03-10-2023,73,South,1,183.34
03-10-2023,62,North,1,170.29
03-10-2023,27,North,0,112.56
03-10-2023,40,West,0,110.04
03-10-2023,68,East,1,182.51
03-10-2023,30,West,0,110.53
04-10-2023,32,East,0,116.42
04-10-2023,44,South,1,166.54
04-10-2023,31,East,0,115.58
04-10-2023,79,East,1,175.06
04-10-2023,27,South,0,108.61
04-10-2023,87,North,1,183.98
04-10-2023,43,East,0,114.97
04-10-2023,83,North,1,183.42
04-10-2023,34,West,0,105.96
04-10-2023,62,South,1,168.44
04-10-2023,89,South,1,199.15
04-10-2023,13,West,0,110.28
04-10-2023,30,North,0,108.94
05-10-2023,38,South,1,159.48
05-10-2023,38,North,0,112.35
05-10-2023,84,East,1,186.28
05-10-2023,10,West,0,99.0
05-10-2023,23,South,0,106.47
05-10-2023,69,East,1,176.81
05-10-2023,84,South,1,189.12
05-10-2023,51,West,1,176.88
05-10-2023,63,North,0,133.13
05-10-2023,35,North,0,116.07
05-10-2023,31,North,1,164.21
05-10-2023,80,West,1,187.49
05-10-2023,80,East,1,180.73
05-10-2023,25,North,0,113.76
05-10-2023,26,East,0,113.05
05-10-2023,49,East,0,123.34
05-10-2023,54,North,1,171.99
05-10-2023,50,North,1,168.68
05-10-2023,46,West,0,117.46
05-10-2023,81,North,1,189.01
05-10-2023,75,East,1,179.5
05-10-2023,26,East,0,109.63
05-10-2023,26,East,0,104.18
06-10-2023,51,North,1,166.95
06-10-2023,10,West,0,101.05
06-10-2023,30,East,0,114.7
06-10-2023,73,South,1,178.89
06-10-2023,71,East,1,180.09
06-10-2023,33,East,0,115.28
06-10-2023,31,West,0,109.03
06-10-2023,23,South,0,98.02
06-10-2023,76,North,1,182.54
06-10-2023,12,West,0,105.68
06-10-2023,43,East,1,169.03
06-10-2023,86,East,1,194.07
06-10-2023,78,East,1,188.83
06-10-2023,65,West,0,124.9
06-10-2023,18,South,0,108.49
06-10-2023,34,North,0,112.31
06-10-2023,48,West,0,121.12
06-10-2023,14,West,0,104.34
06-10-2023,52,East,1,164.58
06-10-2023,25,East,0,105.14
06-10-2023,31,East,0,114.6
07-10-2023,63,North,1,182.92
07-10-2023,32,North,0,104.31
07-10-2023,37,East,0,111.75
07-10-2023,64,West,0,128.67
07-10-2023,74,North,1,182.76
07-10-2023,72,West,1,189.85
07-10-2023,64,North,0,130.41
07-10-2023,49,West,0,125.84
07-10-2023,19,East,1,158.04
07-10-2023,38,East,1,165.04
08-10-2023,67,North,1,168.61
08-10-2023,19,South,0,94.3
08-10-2023,25,West,0,105.09
08-10-2023,62,West,1,181.93
08-10-2023,38,West,1,163.33
08-10-2023,66,South,1,175.7
08-10-2023,34,West,0,110.34
08-10-2023,21,West,0,112.32
08-10-2023,27,South,0,106.63
08-10-2023,44,North,0,113.71
08-10-2023,76,North,1,188.7
08-10-2023,74,South,1,191.86
08-10-2023,19,West,0,103.14
08-10-2023,38,North,0,109.73
08-10-2023,60,South,1,186.91
08-10-2023,81,East,1,184.33
08-10-2023,20,East,0,110.55
08-10-2023,22,South,0,103.62
09-10-2023,72,South,1,187.48
09-10-2023,85,West,1,201.4
09-10-2023,83,West,1,186.59
09-10-2023,53,South,1,170.29
09-10-2023,23,East,0,105.6
09-10-2023,66,North,0,124.1
09-10-2023,45,West,0,107.23
09-10-2023,61,East,1,170.51
09-10-2023,87,North,1,195.38
09-10-2023,61,West,0,123.42
09-10-2023,25,South,0,109.96
09-10-2023,34,West,0,114.62
09-10-2023,22,South,0,105.74
09-10-2023,78,West,1,189.69
09-10-2023,37,East,0,119.9
09-10-2023,53,South,0,129.91
09-10-2023,17,North,0,111.4
09-10-2023,76,East,1,188.22
09-10-2023,74,North,1,180.26
10-10-2023,60,South,0,135.36
10-10-2023,45,South,0,119.75
10-10-2023,84,East,1,189.97
10-10-2023,10,South,0,97.8
10-10-2023,80,South,1,184.51
10-10-2023,21,East,0,103.32
10-10-2023,27,North,0,113.36
10-10-2023,75,North,1,186.19
10-10-2023,70,South,1,186.11
10-10-2023,29,North,0,111.86
10-10-2023,78,East,1,188.61
10-10-2023,24,North,0,112.79
10-10-2023,85,South,1,181.39
10-10-2023,25,East,1,156.03
10-10-2023,76,North,1,186.79
10-10-2023,57,East,0,125.48
11-10-2023,76,South,1,181.4
11-10-2023,77,South,1,188.12
11-10-2023,46,South,0,122.59
11-10-2023,77,North,1,177.67
11-10-2023,67,East,1,184.06
11-10-2023,44,North,0,115.08
11-10-2023,70,East,1,179.12
11-10-2023,18,East,0,100.09
11-10-2023,50,South,1,167.94
11-10-2023,39,North,0,105.96
11-10-2023,38,East,0,119.25
11-10-2023,83,East,1,188.98
11-10-2023,15,East,0,95.38
11-10-2023,60,West,1,176.13
11-10-2023,81,East,1,184.3
11-10-2023,18,South,0,109.4
11-10-2023,50,East,1,170.79
11-10-2023,72,South,1,185.19
11-10-2023,53,East,1,174.94
12-10-2023,61,South,1,173.15
12-10-2023,40,North,0,115.54
12-10-2023,62,West,1,176.42
12-10-2023,83,East,1,193.29
12-10-2023,73,East,1,186.09
12-10-2023,56,East,1,177.74
12-10-2023,20,East,0,110.23
12-10-2023,54,West,1,177.0
12-10-2023,19,West,0,111.9
12-10-2023,53,West,1,175.2
12-10-2023,41,West,0,111.31
12-10-2023,53,South,0,124.8
12-10-2023,17,East,0,94.18
12-10-2023,42,West,0,121.62
12-10-2023,64,East,1,176.86
13-10-2023,86,West,1,190.99
13-10-2023,54,East,1,165.45
13-10-2023,19,West,0,101.45
13-10-2023,43,East,1,167.84
13-10-2023,10,North,0,96.58
13-10-2023,87,North,1,197.68
13-10-2023,89,North,1,188.38
13-10-2023,36,West,0,109.97
13-10-2023,76,West,1,188.32
13-10-2023,47,East,1,170.99
13-10-2023,87,West,1,187.23
13-10-2023,72,South,1,174.88
13-10-2023,45,North,1,164.43
13-10-2023,43,South,0,119.61
13-10-2023,30,East,0,98.68
13-10-2023,89,North,1,199.37
13-10-2023,73,North,1,184.63
13-10-2023,82,North,1,177.67
13-10-2023,89,East,1,194.87
13-10-2023,42,North,1,165.29
13-10-2023,84,East,1,179.88
13-10-2023,51,West,0,124.54
13-10-2023,44,North,0,118.11
13-10-2023,73,South,1,179.14
14-10-2023,12,East,0,101.87
14-10-2023,61,North,0,131.33
14-10-2023,65,North,1,181.82
14-10-2023,31,South,0,114.99
14-10-2023,50,South,1,172.33
14-10-2023,15,North,0,91.37
14-10-2023,59,East,0,129.4
14-10-2023,74,South,1,174.12
14-10-2023,14,South,0,100.2
14-10-2023,61,North,1,169.83
14-10-2023,12,West,0,105.65
14-10-2023,62,West,1,179.9
14-10-2023,84,West,1,193.21
14-10-2023,49,East,0,118.98
15-10-2023,66,South,1,170.27
15-10-2023,34,West,0,105.58
15-10-2023,73,North,1,184.54
15-10-2023,14,North,0,90.75
15-10-2023,34,North,0,112.04
15-10-2023,36,East,0,117.47
15-10-2023,85,West,1,184.06
15-10-2023,70,East,1,178.32
15-10-2023,48,North,1,174.87
15-10-2023,81,West,1,179.68
15-10-2023,53,North,0,125.87
15-10-2023,10,North,0,91.39
15-10-2023,19,North,0,105.17
15-10-2023,33,East,0,114.44
15-10-2023,58,North,1,178.06
15-10-2023,75,West,1,178.26
16-10-2023,20,South,0,111.9
16-10-2023,12,East,0,97.19
16-10-2023,14,South,0,94.03
16-10-2023,59,North,0,121.72
16-10-2023,84,West,1,191.2
16-10-2023,48,South,0,114.93
16-10-2023,67,West,0,125.53
16-10-2023,17,South,0,95.82
16-10-2023,65,West,1,175.68
16-10-2023,79,North,1,185.43
16-10-2023,19,East,0,108.61
16-10-2023,27,East,1,158.51
17-10-2023,86,East,1,185.7
17-10-2023,62,East,0,127.81
17-10-2023,88,North,1,199.65
17-10-2023,49,South,0,122.96
17-10-2023,79,East,1,184.94
17-10-2023,51,North,0,120.69
17-10-2023,66,East,1,179.78
17-10-2023,16,North,0,94.39
17-10-2023,10,North,0,103.46
17-10-2023,32,West,0,104.35
17-10-2023,60,East,0,121.17
17-10-2023,68,East,1,178.01
17-10-2023,69,West,0,130.71
17-10-2023,33,North,0,114.68
17-10-2023,20,North,0,103.84
17-10-2023,67,North,1,177.54
17-10-2023,27,South,0,105.6
17-10-2023,70,North,1,180.26
17-10-2023,36,West,0,112.22
17-10-2023,47,South,1,168.96
18-10-2023,65,West,0,125.13
18-10-2023,21,East,0,102.54
18-10-2023,17,West,0,99.98
18-10-2023,55,South,1,172.37
18-10-2023,32,West,0,118.25
18-10-2023,85,West,1,184.13
18-10-2023,55,West,1,166.47
18-10-2023,58,South,1,171.98
18-10-2023,17,East,0,100.51
18-10-2023,35,East,0,103.68
18-10-2023,11,North,0,101.05
18-10-2023,52,South,1,179.3
18-10-2023,77,South,1,177.47
18-10-2023,74,East,1,186.57
19-10-2023,60,West,1,172.22
19-10-2023,43,South,0,114.94
19-10-2023,57,West,1,175.19
19-10-2023,29,North,0,110.87
19-10-2023,10,North,0,99.99
19-10-2023,14,South,0,97.95
19-10-2023,35,East,0,120.99
19-10-2023,68,South,1,182.21
19-10-2023,29,South,0,107.9
19-10-2023,30,North,0,115.71
19-10-2023,13,West,0,100.98
19-10-2023,75,South,1,185.48
19-10-2023,76,West,1,175.86
19-10-2023,84,South,1,189.15
19-10-2023,54,North,1,166.62
19-10-2023,15,South,0,101.16
19-10-2023,38,West,0,114.28
19-10-2023,54,South,1,172.56
19-10-2023,32,East,0,115.08
19-10-2023,49,South,0,120.06
20-10-2023,58,North,1,173.8
20-10-2023,27,East,0,113.8
20-10-2023,38,South,0,120.11
20-10-2023,80,East,1,180.85
20-10-2023,72,East,1,182.56
20-10-2023,61,East,0,127.96
20-10-2023,69,South,1,175.87
20-10-2023,40,South,0,114.46
20-10-2023,51,East,1,170.85
21-10-2023,11,North,0,94.7
21-10-2023,73,North,1,174.98
21-10-2023,21,East,0,105.75
21-10-2023,31,South,1,167.05
21-10-2023,52,East,1,165.12
21-10-2023,10,West,0,98.75
21-10-2023,18,East,0,107.13
21-10-2023,69,South,1,173.21
21-10-2023,27,East,0,103.93
21-10-2023,86,West,1,199.99
21-10-2023,67,North,1,170.62
21-10-2023,82,South,1,175.36
21-10-2023,15,East,0,93.49
21-10-2023,16,East,0,99.62
21-10-2023,73,West,1,182.05
21-10-2023,34,West,0,118.35
22-10-2023,73,North,1,190.9
22-10-2023,17,East,0,99.12
22-10-2023,21,West,0,104.22
22-10-2023,63,East,1,183.52
22-10-2023,71,West,1,181.83
22-10-2023,48,East,0,115.21
22-10-2023,61,North,1,163.44
22-10-2023,14,East,0,108.03
22-10-2023,65,West,1,173.83
22-10-2023,17,South,0,108.16
23-10-2023,27,South,0,120.81
23-10-2023,31,South,0,119.32
23-10-2023,20,North,0,112.91
23-10-2023,21,East,0,107.92
23-10-2023,83,West,1,183.28
23-10-2023,89,North,1,187.92
23-10-2023,33,East,0,104.72
23-10-2023,45,East,1,156.24
23-10-2023,15,West,0,91.37
23-10-2023,27,West,0,101.73
23-10-2023,25,South,0,112.87
23-10-2023,21,South,0,103.63
23-10-2023,42,East,0,114.94
23-10-2023,65,North,0,129.96
23-10-2023,57,North,1,182.24
24-10-2023,47,South,0,127.24
24-10-2023,38,South,0,108.85
24-10-2023,54,West,0,124.24
24-10-2023,40,West,0,116.3
24-10-2023,43,East,0,110.58
24-10-2023,62,East,1,173.79
24-10-2023,55,South,0,116.07
24-10-2023,20,East,0,101.62
24-10-2023,22,East,0,111.23
24-10-2023,13,South,0,98.51
24-10-2023,46,East,0,125.68
24-10-2023,65,North,1,175.91
24-10-2023,70,South,1,170.44
24-10-2023,49,North,0,119.72
24-10-2023,88,North,1,190.47
25-10-2023,41,East,0,115.3
25-10-2023,40,West,0,118.37
25-10-2023,85,North,1,207.13
25-10-2023,33,East,0,112.77
25-10-2023,57,South,1,174.09
25-10-2023,65,South,1,178.91
25-10-2023,64,West,0,128.79
25-10-2023,39,North,0,112.22
25-10-2023,53,North,1,167.0
25-10-2023,15,West,0,92.26
25-10-2023,36,West,0,107.79
26-10-2023,11,South,0,98.12
26-10-2023,76,South,1,178.37
26-10-2023,67,North,1,173.41
26-10-2023,82,West,1,195.9
26-10-2023,87,East,1,184.92
26-10-2023,88,South,1,185.03
26-10-2023,38,North,0,117.25
26-10-2023,71,South,1,182.42
26-10-2023,50,West,0,116.82
26-10-2023,38,East,0,116.97
26-10-2023,67,East,1,181.4
26-10-2023,58,West,1,170.37
26-10-2023,31,North,0,112.59
26-10-2023,84,West,1,181.48
26-10-2023,88,South,1,184.3
26-10-2023,22,East,1,148.23
27-10-2023,25,South,0,119.14
27-10-2023,81,West,1,195.18
27-10-2023,62,West,0,125.91
27-10-2023,45,South,0,118.53
27-10-2023,11,West,0,98.74
27-10-2023,12,South,0,94.21
27-10-2023,86,West,1,188.95
27-10-2023,60,North,1,176.12
27-10-2023,29,East,0,115.15
27-10-2023,78,South,1,182.68
27-10-2023,81,North,1,184.13
27-10-2023,52,South,0,111.13
27-10-2023,31,West,0,106.15
27-10-2023,51,North,0,127.64
27-10-2023,32,South,0,118.3
27-10-2023,80,East,1,180.78
27-10-2023,58,South,1,168.1
27-10-2023,82,North,1,199.0
27-10-2023,89,East,1,183.06
27-10-2023,16,West,0,105.2
27-10-2023,47,East,1,164.57
27-10-2023,85,West,1,181.56
27-10-2023,78,North,1,181.94
27-10-2023,47,East,1,164.09
27-10-2023,63,West,1,178.99
28-10-2023,70,West,1,183.18
28-10-2023,22,West,0,108.68
28-10-2023,35,South,0,117.25
28-10-2023,62,West,1,173.49
28-10-2023,41,North,0,109.23
28-10-2023,87,West,1,186.42
28-10-2023,31,South,0,97.76
28-10-2023,65,East,0,129.47
28-10-2023,47,North,0,116.0
28-10-2023,33,South,1,166.33
28-10-2023,51,West,1,172.35
28-10-2023,49,North,0,127.06
28-10-2023,37,West,0,110.48
28-10-2023,62,South,1,176.22
28-10-2023,61,South,1,188.09
28-10-2023,88,South,1,184.08
28-10-2023,82,West,1,187.38
28-10-2023,44,West,0,110.44
29-10-2023,54,West,1,167.76
29-10-2023,18,North,0,105.89
29-10-2023,38,West,0,109.22
29-10-2023,58,West,1,168.97
29-10-2023,85,East,1,191.23
29-10-2023,14,South,0,103.85
29-10-2023,63,South,0,125.83
29-10-2023,80,South,1,186.25
29-10-2023,55,North,1,170.11
29-10-2023,32,West,0,113.1
29-10-2023,16,East,0,108.04
29-10-2023,78,East,1,186.82
29-10-2023,81,West,1,194.64
29-10-2023,62,South,1,186.21
29-10-2023,27,West,0,102.84
29-10-2023,17,East,0,113.25
29-10-2023,43,South,1,179.56
29-10-2023,70,East,1,188.99
30-10-2023,36,East,0,110.2
30-10-2023,36,North,0,110.49
30-10-2023,53,South,0,127.54
30-10-2023,69,South,1,188.91
30-10-2023,49,South,1,171.82
30-10-2023,68,West,1,175.4
30-10-2023,75,West,1,185.1
30-10-2023,74,East,1,185.35
30-10-2023,43,West,0,116.32
30-10-2023,18,East,0,102.26
30-10-2023,18,East,0,100.76
30-10-2023,15,West,0,109.54
30-10-2023,25,West,0,116.97
30-10-2023,78,South,1,190.87
30-10-2023,34,South,0,113.16
31-10-2023,10,South,0,106.17
31-10-2023,55,South,1,168.73
31-10-2023,49,North,1,172.65
31-10-2023,17,West,0,103.04
31-10-2023,46,North,1,169.55
31-10-2023,62,North,0,115.01
31-10-2023,87,East,1,192.6
31-10-2023,53,North,0,118.55
31-10-2023,71,North,1,182.76
31-10-2023,17,North,0,114.21
31-10-2023,34,East,1,158.24
31-10-2023,13,West,0,112.94
31-10-2023,81,East,1,197.4
31-10-2023,78,North,1,174.83
31-10-2023,74,East,0,129.33
31-10-2023,51,East,1,177.5
01-11-2023,63,East,1,180.36
01-11-2023,41,East,0,118.86
01-11-2023,22,South,0,105.82
01-11-2023,23,West,0,104.74
01-11-2023,10,West,0,98.79
01-11-2023,69,South,0,123.88
01-11-2023,57,South,1,176.14
01-11-2023,59,South,1,167.63
01-11-2023,87,North,0,145.83
01-11-2023,61,North,1,174.08
01-11-2023,12,South,0,99.91
01-11-2023,57,North,0,123.18
01-11-2023,58,West,1,173.93
01-11-2023,63,North,0,130.86
01-11-2023,40,East,0,121.38
01-11-2023,20,North,0,102.03
01-11-2023,73,West,0,123.59
01-11-2023,86,South,1,187.93
01-11-2023,63,South,1,181.24
02-11-2023,42,South,0,120.84
02-11-2023,33,East,1,168.24
02-11-2023,10,East,0,97.67
02-11-2023,29,South,0,108.37
02-11-2023,66,South,1,184.82
02-11-2023,69,North,1,182.44
02-11-2023,41,North,1,164.28
02-11-2023,63,North,0,142.01
02-11-2023,55,West,1,173.51
02-11-2023,51,West,1,169.52
02-11-2023,75,East,1,179.46
02-11-2023,39,East,0,113.54
02-11-2023,88,West,1,194.17
02-11-2023,45,South,0,116.03
03-11-2023,86,East,1,181.75
03-11-2023,78,North,1,177.8
03-11-2023,17,East,0,98.47
03-11-2023,52,South,1,170.87
03-11-2023,73,North,1,182.31
03-11-2023,66,East,1,181.16
03-11-2023,26,North,0,106.54
03-11-2023,35,West,0,121.9
03-11-2023,30,South,0,112.77
03-11-2023,25,North,0,112.96
03-11-2023,84,West,1,177.49
03-11-2023,76,South,1,188.53
03-11-2023,64,North,1,176.78
03-11-2023,18,South,0,108.51
03-11-2023,41,North,1,169.46
03-11-2023,26,East,0,114.39
03-11-2023,72,East,1,182.65
03-11-2023,51,West,0,129.25
03-11-2023,34,East,0,118.87
04-11-2023,54,East,1,180.17
04-11-2023,46,South,1,166.7
04-11-2023,14,South,0,102.93
04-11-2023,56,West,1,172.25
04-11-2023,41,East,0,119.8
04-11-2023,73,East,1,177.93
04-11-2023,27,East,0,109.86
04-11-2023,69,East,1,181.04
04-11-2023,36,West,0,111.67
04-11-2023,49,East,0,120.06
04-11-2023,10,North,0,100.86
04-11-2023,68,West,1,179.39
05-11-2023,58,East,0,130.0
05-11-2023,53,West,0,119.02
05-11-2023,38,South,0,100.89
05-11-2023,40,South,0,120.01
05-11-2023,50,West,1,168.96
05-11-2023,10,East,1,158.34
05-11-2023,68,West,1,181.22
05-11-2023,19,East,0,115.53
05-11-2023,77,West,1,192.3
05-11-2023,17,West,0,105.59
05-11-2023,48,East,1,168.25
05-11-2023,45,South,0,115.04
05-11-2023,69,East,1,173.11
05-11-2023,15,East,0,102.96
05-11-2023,30,West,0,118.05
06-11-2023,37,North,1,169.22
06-11-2023,78,West,1,174.56
06-11-2023,35,West,0,114.63
06-11-2023,74,East,1,181.52
06-11-2023,30,South,0,92.39
06-11-2023,43,West,0,115.79
06-11-2023,15,West,0,101.59
06-11-2023,14,West,0,106.57
06-11-2023,15,South,0,101.9
06-11-2023,57,West,0,124.22
06-11-2023,61,North,0,122.78
06-11-2023,60,East,1,170.48
06-11-2023,67,North,1,174.72
06-11-2023,13,North,0,100.63
06-11-2023,77,East,1,183.8
06-11-2023,81,West,1,181.99
06-11-2023,89,North,1,184.13
06-11-2023,89,East,1,184.15
06-11-2023,43,West,0,123.61
07-11-2023,20,North,0,99.98
07-11-2023,43,South,0,108.69
07-11-2023,75,West,1,187.33
07-11-2023,67,South,1,174.6
07-11-2023,67,West,1,175.41
07-11-2023,68,North,1,186.06
07-11-2023,36,East,0,105.09
07-11-2023,32,North,0,110.34
07-11-2023,71,West,1,194.05
07-11-2023,28,North,0,111.58
07-11-2023,70,South,1,183.38
07-11-2023,82,East,1,187.41
07-11-2023,17,South,0,95.16
07-11-2023,76,East,1,182.05
07-11-2023,51,South,0,118.29
07-11-2023,37,South,0,106.43
07-11-2023,34,East,0,121.36
08-11-2023,35,North,0,111.82
08-11-2023,47,West,0,124.62
08-11-2023,24,South,0,108.38
08-11-2023,35,West,0,114.11
08-11-2023,62,West,0,120.49
08-11-2023,35,South,0,112.7
08-11-2023,26,North,0,103.58
08-11-2023,61,East,0,126.07
08-11-2023,34,South,1,163.12
08-11-2023,73,South,1,180.61
08-11-2023,52,South,1,170.34
08-11-2023,89,East,1,185.53
08-11-2023,69,North,1,176.81
09-11-2023,19,West,0,112.61
09-11-2023,62,East,1,177.15
09-11-2023,23,North,0,114.12
09-11-2023,84,North,1,194.38
09-11-2023,89,North,1,188.83
09-11-2023,13,North,0,95.6
09-11-2023,85,West,1,193.18
09-11-2023,81,South,1,185.66
09-11-2023,82,West,1,184.44
09-11-2023,26,South,0,111.34
09-11-2023,68,West,1,168.94
09-11-2023,61,East,1,166.31
10-11-2023,33,South,0,111.93
10-11-2023,62,East,1,178.51
10-11-2023,40,South,1,165.36
10-11-2023,84,South,1,189.78
10-11-2023,63,North,0,126.88
10-11-2023,86,East,1,183.47
10-11-2023,43,South,0,115.88
10-11-2023,47,West,1,173.98
10-11-2023,84,South,1,184.17
10-11-2023,25,South,0,107.48
11-11-2023,60,North,1,174.03
11-11-2023,19,West,0,109.52
11-11-2023,28,North,0,111.91
11-11-2023,78,East,1,173.29
11-11-2023,65,West,1,172.03
11-11-2023,26,North,0,104.68
11-11-2023,72,South,1,173.98
11-11-2023,17,South,0,107.76
11-11-2023,60,South,1,173.91
11-11-2023,25,North,1,156.33
11-11-2023,74,North,1,177.98
11-11-2023,88,South,1,181.41
11-11-2023,33,East,0,105.79
11-11-2023,49,North,1,169.16
11-11-2023,85,South,1,187.27
11-11-2023,20,North,0,101.74
11-11-2023,71,North,1,181.25
12-11-2023,21,South,0,100.38
12-11-2023,64,South,1,177.79
12-11-2023,59,South,1,171.17
12-11-2023,14,South,0,99.22
12-11-2023,53,South,1,171.46
12-11-2023,35,West,0,104.38
12-11-2023,73,East,1,186.01
12-11-2023,14,North,0,104.98
12-11-2023,25,North,0,102.06
12-11-2023,25,West,0,104.23
12-11-2023,29,South,0,106.71
12-11-2023,82,North,1,183.22
12-11-2023,53,East,0,121.0
12-11-2023,59,West,1,181.84
12-11-2023,10,South,0,103.52
13-11-2023,26,East,0,102.54
13-11-2023,45,West,0,109.49
13-11-2023,85,East,1,179.41
13-11-2023,83,East,1,185.99
13-11-2023,18,South,0,91.8
13-11-2023,53,North,0,122.25
13-11-2023,54,East,0,120.29
13-11-2023,16,East,0,105.71
13-11-2023,32,South,0,114.06
13-11-2023,34,West,0,119.67
13-11-2023,66,East,1,189.22
13-11-2023,20,South,0,103.15
13-11-2023,86,North,1,200.49
13-11-2023,43,North,0,110.64
13-11-2023,19,West,0,106.39
13-11-2023,71,West,1,177.29
13-11-2023,79,East,1,190.05
13-11-2023,48,South,1,171.43
14-11-2023,51,South,0,115.37
14-11-2023,11,West,0,106.0
14-11-2023,13,East,0,96.04
14-11-2023,20,West,0,100.8
14-11-2023,88,East,1,185.55
14-11-2023,48,South,0,114.94
14-11-2023,30,South,0,105.25
14-11-2023,16,North,0,102.54
14-11-2023,78,West,1,188.79
14-11-2023,76,West,1,190.97
14-11-2023,59,South,0,121.46
14-11-2023,32,South,0,120.04
14-11-2023,31,South,0,114.84
14-11-2023,48,South,0,115.16
14-11-2023,20,West,0,98.26
14-11-2023,55,East,1,171.5
15-11-2023,10,West,0,99.3
15-11-2023,35,North,1,162.21
15-11-2023,84,West,1,193.52
15-11-2023,52,North,1,169.64
15-11-2023,19,East,0,100.15
15-11-2023,63,North,1,188.85
15-11-2023,55,West,1,170.52
15-11-2023,53,East,1,167.93
15-11-2023,25,North,0,105.45
15-11-2023,79,South,1,185.57
15-11-2023,16,East,0,109.0
15-11-2023,23,North,0,107.49
15-11-2023,65,East,1,179.58
15-11-2023,82,South,1,178.17
15-11-2023,75,South,1,180.11
15-11-2023,24,East,0,100.45
15-11-2023,22,South,0,106.31
16-11-2023,30,South,0,115.12
16-11-2023,45,North,0,99.98
16-11-2023,25,North,0,104.36
16-11-2023,55,South,0,116.61
16-11-2023,64,West,1,170.49
16-11-2023,44,North,0,113.51
16-11-2023,72,North,1,188.34
16-11-2023,73,West,0,135.75
16-11-2023,74,East,1,187.89
16-11-2023,55,East,1,169.88
17-11-2023,14,West,0,105.95
17-11-2023,34,West,0,108.36
17-11-2023,56,South,1,172.23
17-11-2023,12,South,0,104.26
17-11-2023,59,West,0,116.57
17-11-2023,46,North,1,160.35
17-11-2023,39,North,0,110.92
17-11-2023,10,North,0,103.73
17-11-2023,32,North,0,117.22
17-11-2023,47,North,1,166.85
17-11-2023,88,North,1,187.98
17-11-2023,81,West,1,183.53
17-11-2023,52,West,0,127.07
17-11-2023,35,South,0,111.1
17-11-2023,86,North,1,183.16
17-11-2023,38,East,1,164.86
17-11-2023,58,South,1,169.54
17-11-2023,27,South,1,154.42
18-11-2023,70,West,1,180.4
18-11-2023,30,West,1,165.2
18-11-2023,34,North,0,111.14
18-11-2023,19,South,0,106.04
18-11-2023,43,West,0,113.06
18-11-2023,83,South,1,183.57
18-11-2023,32,East,0,108.97
18-11-2023,35,West,1,159.35
18-11-2023,34,West,0,113.17
18-11-2023,68,South,1,189.91
18-11-2023,87,West,1,198.12
18-11-2023,32,West,0,114.31
18-11-2023,13,South,0,91.21
18-11-2023,49,South,1,159.84
18-11-2023,71,South,1,182.94
18-11-2023,11,East,0,92.46
18-11-2023,40,North,0,104.45
18-11-2023,66,North,1,181.7
18-11-2023,25,North,0,110.49
18-11-2023,68,North,0,131.4
18-11-2023,50,East,1,168.32
18-11-2023,81,North,1,183.17
19-11-2023,44,West,1,168.29
19-11-2023,42,West,0,114.33
19-11-2023,17,South,0,103.59
19-11-2023,75,East,1,187.04
19-11-2023,87,East,1,189.63
19-11-2023,37,South,1,160.55
19-11-2023,38,East,0,108.45
19-11-2023,29,West,0,109.8
19-11-2023,77,East,1,187.48
19-11-2023,70,North,1,177.01
19-11-2023,29,West,0,103.78
19-11-2023,57,South,1,180.25
19-11-2023,34,North,0,114.3
19-11-2023,17,East,0,103.65
20-11-2023,15,East,0,99.02
20-11-2023,52,North,0,116.33
20-11-2023,51,East,0,124.64
20-11-2023,83,West,1,187.15
20-11-2023,50,East,1,170.48
20-11-2023,48,South,0,127.6
20-11-2023,32,South,1,151.75
20-11-2023,24,North,0,110.59
20-11-2023,69,North,1,182.29
20-11-2023,47,North,1,170.75
20-11-2023,43,East,0,114.02
21-11-2023,84,North,1,178.91
21-11-2023,64,South,1,182.05
21-11-2023,51,West,0,119.92
21-11-2023,18,East,0,106.28
21-11-2023,70,East,1,182.05
21-11-2023,32,West,0,112.56
21-11-2023,77,North,1,182.41
21-11-2023,60,East,1,172.13
21-11-2023,77,East,1,181.2
21-11-2023,63,North,1,178.31
21-11-2023,87,East,1,178.58
21-11-2023,53,East,1,175.2
21-11-2023,53,West,0,122.53
21-11-2023,44,East,0,119.53
21-11-2023,65,West,0,124.78
22-11-2023,68,West,1,174.69
22-11-2023,23,East,1,151.46
22-11-2023,67,East,1,174.26
22-11-2023,82,North,1,181.24
22-11-2023,55,South,0,123.21
22-11-2023,68,East,1,176.91
22-11-2023,84,South,1,181.24
22-11-2023,19,South,0,113.71
22-11-2023,86,West,1,187.76
22-11-2023,16,East,0,102.89
22-11-2023,40,North,0,114.83
22-11-2023,64,East,1,177.2
22-11-2023,39,East,1,163.36
22-11-2023,38,South,0,117.19
22-11-2023,60,South,1,178.98
22-11-2023,38,North,0,108.85
22-11-2023,26,South,0,113.65
22-11-2023,31,South,0,111.06
22-11-2023,17,North,0,108.22
23-11-2023,25,South,0,103.84
23-11-2023,44,South,0,122.05
23-11-2023,40,North,0,101.15
23-11-2023,76,West,1,190.33
23-11-2023,49,South,0,123.48
23-11-2023,76,North,1,174.35
23-11-2023,69,North,1,180.28
23-11-2023,38,North,1,167.2
23-11-2023,89,North,1,201.42
24-11-2023,46,North,1,157.03
24-11-2023,39,North,0,118.3
24-11-2023,56,East,1,169.75
24-11-2023,47,North,0,119.83
24-11-2023,36,East,0,107.16
24-11-2023,30,West,0,116.7
24-11-2023,36,West,0,113.33
24-11-2023,57,East,1,182.7
25-11-2023,10,West,0,95.22
25-11-2023,26,East,0,101.98
25-11-2023,40,East,0,112.6
25-11-2023,47,West,0,120.02
25-11-2023,71,West,1,175.81
25-11-2023,32,West,1,159.24
25-11-2023,10,South,0,103.12
25-11-2023,78,North,1,188.64
25-11-2023,63,South,0,139.93
25-11-2023,68,South,1,185.14
25-11-2023,34,West,0,97.85
25-11-2023,84,East,1,189.31
25-11-2023,26,South,0,111.83
25-11-2023,64,East,1,176.35
25-11-2023,45,East,0,117.1
26-11-2023,33,North,0,111.52
26-11-2023,46,East,1,167.03
26-11-2023,81,North,1,189.71
26-11-2023,63,West,1,174.37
26-11-2023,57,East,0,122.49
26-11-2023,44,North,1,167.8
26-11-2023,20,East,0,94.98
26-11-2023,36,East,1,159.98
26-11-2023,43,West,0,110.04
26-11-2023,42,North,0,109.25
26-11-2023,75,North,1,176.32
26-11-2023,57,North,0,126.24
27-11-2023,42,North,0,107.86
27-11-2023,33,East,0,106.84
27-11-2023,49,South,0,124.06
27-11-2023,49,East,0,123.58
27-11-2023,18,North,0,110.91
27-11-2023,48,North,1,173.29
27-11-2023,89,West,1,180.77
27-11-2023,89,South,1,191.57
27-11-2023,81,North,1,183.07
27-11-2023,60,West,1,168.35
27-11-2023,50,West,0,121.73
27-11-2023,78,West,1,174.13
27-11-2023,21,East,0,111.4
27-11-2023,31,West,1,159.34
27-11-2023,66,East,1,177.41
27-11-2023,25,West,0,101.36
27-11-2023,48,South,1,170.32
27-11-2023,87,East,1,178.34
28-11-2023,39,East,1,161.89
28-11-2023,30,East,1,158.74
28-11-2023,32,South,0,106.26
28-11-2023,70,West,1,168.56
28-11-2023,33,South,0,107.85
28-11-2023,73,North,1,176.81
28-11-2023,24,East,0,106.41
28-11-2023,53,North,0,113.66
28-11-2023,25,South,0,104.45
28-11-2023,47,East,1,163.34
28-11-2023,13,East,0,111.46
28-11-2023,55,South,1,174.43
28-11-2023,11,East,0,99.61
28-11-2023,88,East,1,182.74
28-11-2023,58,South,1,170.27
28-11-2023,57,North,1,178.32
29-11-2023,78,East,1,174.11
29-11-2023,30,East,0,109.01
29-11-2023,88,South,1,190.32
29-11-2023,56,East,1,169.99
29-11-2023,35,West,0,117.9
29-11-2023,62,East,0,121.42
29-11-2023,87,North,1,186.2
29-11-2023,33,North,0,101.48
29-11-2023,73,North,1,189.87
29-11-2023,58,North,1,174.02
29-11-2023,46,East,0,111.11
29-11-2023,72,South,1,175.49
29-11-2023,10,South,0,103.88
29-11-2023,38,South,0,126.35
29-11-2023,55,West,0,123.74
30-11-2023,65,North,0,131.74
30-11-2023,37,North,0,115.85
30-11-2023,42,East,1,162.8
30-11-2023,47,East,1,163.66
30-11-2023,70,North,1,182.37
30-11-2023,18,East,0,98.99
30-11-2023,18,North,0,107.57
30-11-2023,24,South,0,111.0
30-11-2023,59,West,0,130.87
30-11-2023,34,East,0,108.29
30-11-2023,51,South,1,183.25
30-11-2023,79,East,0,139.16
30-11-2023,43,West,0,115.93
30-11-2023,22,West,0,111.59
30-11-2023,20,North,0,107.1
01-12-2023,76,West,1,193.5
01-12-2023,88,South,1,183.86
01-12-2023,24,South,0,100.05
01-12-2023,56,West,1,182.29
01-12-2023,34,West,0,104.8
01-12-2023,26,South,0,105.97
01-12-2023,85,East,1,186.14
01-12-2023,56,East,0,123.11
01-12-2023,51,South,1,168.34
01-12-2023,42,North,1,171.3
01-12-2023,47,South,0,125.75
01-12-2023,82,South,1,189.32
01-12-2023,49,South,1,166.95
01-12-2023,63,North,1,172.22
02-12-2023,48,East,1,171.88
02-12-2023,47,South,1,165.12
02-12-2023,32,West,1,156.96
02-12-2023,54,South,1,170.65
02-12-2023,54,East,0,117.24
02-12-2023,81,South,1,180.2
02-12-2023,13,West,0,89.09
02-12-2023,82,South,1,185.76
02-12-2023,20,North,0,104.21
02-12-2023,83,East,1,181.05
02-12-2023,51,West,1,179.61
02-12-2023,86,West,1,187.82
02-12-2023,52,East,1,168.51
02-12-2023,37,North,0,115.41
02-12-2023,60,North,0,133.73
02-12-2023,25,West,0,109.94
02-12-2023,50,South,0,120.2
03-12-2023,23,East,0,103.52
03-12-2023,52,East,1,175.94
03-12-2023,77,West,1,183.62
03-12-2023,65,West,1,179.74
03-12-2023,73,South,1,179.72
03-12-2023,15,North,0,117.78
03-12-2023,81,North,1,180.72
03-12-2023,54,East,0,119.07
03-12-2023,20,West,0,95.46
03-12-2023,25,West,0,122.58
03-12-2023,60,East,0,129.23
03-12-2023,43,South,1,167.98
03-12-2023,58,South,1,170.88
03-12-2023,22,East,0,98.4
03-12-2023,53,South,1,179.9
03-12-2023,89,West,1,185.01
03-12-2023,69,East,1,172.35
03-12-2023,88,East,1,178.85
04-12-2023,51,West,1,174.91
04-12-2023,47,North,0,115.26
04-12-2023,29,West,0,114.52
04-12-2023,84,North,1,193.04
04-12-2023,30,North,0,111.53
04-12-2023,10,North,0,103.51
04-12-2023,69,East,0,131.45
04-12-2023,35,West,1,165.44
04-12-2023,67,West,1,170.65
04-12-2023,75,East,1,187.64
04-12-2023,28,East,0,102.21
04-12-2023,54,East,1,170.51
04-12-2023,48,East,1,163.07
04-12-2023,28,West,0,107.32
04-12-2023,11,South,0,108.05
04-12-2023,56,East,0,118.03
04-12-2023,68,South,1,184.89
04-12-2023,36,East,0,114.03
04-12-2023,56,West,1,159.54
04-12-2023,29,East,0,103.97
04-12-2023,70,South,0,136.65
05-12-2023,38,South,0,117.24
05-12-2023,73,South,1,188.27
05-12-2023,20,West,0,101.28
05-12-2023,46,East,1,178.67
05-12-2023,50,South,1,170.39
05-12-2023,27,South,0,110.33
05-12-2023,63,South,1,168.98
05-12-2023,80,North,1,181.43
05-12-2023,73,North,1,182.81
05-12-2023,24,East,0,102.01
05-12-2023,34,West,0,109.36
05-12-2023,69,North,1,178.53
05-12-2023,29,East,0,111.78
05-12-2023,38,South,0,106.97
05-12-2023,13,North,0,105.23
05-12-2023,57,West,0,121.18
05-12-2023,76,West,1,187.7
05-12-2023,69,North,1,176.05
05-12-2023,59,North,0,111.67
05-12-2023,82,West,1,184.35
05-12-2023,48,East,0,119.21
05-12-2023,85,South,1,177.85
06-12-2023,46,North,0,114.32
06-12-2023,30,South,0,113.29
06-12-2023,24,East,0,112.7
06-12-2023,55,North,1,174.33
06-12-2023,55,East,0,114.72
06-12-2023,42,South,0,117.86
06-12-2023,79,West,1,180.82
06-12-2023,35,North,1,164.63
06-12-2023,56,South,1,174.79
06-12-2023,84,West,1,191.63
06-12-2023,12,South,0,101.23
06-12-2023,25,North,0,105.74
06-12-2023,72,West,1,179.81
06-12-2023,41,West,0,121.59
06-12-2023,26,North,0,105.39
06-12-2023,17,East,0,109.92
06-12-2023,48,West,0,118.85
06-12-2023,74,North,1,176.45
06-12-2023,19,North,0,100.71
06-12-2023,31,East,0,110.38
06-12-2023,57,West,1,160.34
06-12-2023,38,East,0,126.59
06-12-2023,39,East,0,117.1
06-12-2023,64,North,1,174.29
06-12-2023,27,East,0,105.9
07-12-2023,45,North,0,123.73
07-12-2023,21,West,1,141.03
07-12-2023,48,North,0,107.36
07-12-2023,20,East,0,95.92
07-12-2023,65,East,1,174.95
07-12-2023,36,West,0,101.03
07-12-2023,10,West,0,91.26
07-12-2023,29,East,0,102.93
07-12-2023,49,South,1,167.03
07-12-2023,79,West,1,182.72
07-12-2023,25,South,0,103.18
07-12-2023,42,North,1,163.95
07-12-2023,18,West,0,100.95
08-12-2023,89,South,1,184.15
08-12-2023,36,East,0,113.82
08-12-2023,73,North,1,189.82
08-12-2023,47,South,0,122.38
08-12-2023,36,South,0,115.29
08-12-2023,69,North,1,184.77
08-12-2023,63,North,1,169.52
08-12-2023,49,West,0,121.03
08-12-2023,23,East,0,103.53
08-12-2023,89,East,1,198.23
08-12-2023,14,East,0,101.91
08-12-2023,52,East,0,117.62
08-12-2023,52,North,1,172.59
08-12-2023,18,South,0,95.5
08-12-2023,14,East,0,98.01
08-12-2023,84,East,1,186.78
09-12-2023,85,South,1,192.77
09-12-2023,43,East,0,114.14
09-12-2023,85,West,1,189.72
09-12-2023,69,South,1,185.09
09-12-2023,26,North,0,109.56
09-12-2023,26,South,0,115.44
09-12-2023,74,North,1,181.65
09-12-2023,56,South,0,123.8
09-12-2023,66,South,1,187.34
09-12-2023,18,East,1,149.48
09-12-2023,64,West,1,181.9
09-12-2023,50,North,1,171.82
09-12-2023,65,East,1,182.97
09-12-2023,25,West,1,148.21
09-12-2023,64,West,1,170.27
09-12-2023,28,North,0,116.21
09-12-2023,89,West,1,191.58
09-12-2023,70,West,1,178.14
10-12-2023,37,East,1,163.31
10-12-2023,88,West,1,178.56
10-12-2023,70,West,1,184.02
10-12-2023,31,South,0,114.21
10-12-2023,68,South,1,176.98
10-12-2023,15,West,0,97.25
10-12-2023,26,South,0,107.08
10-12-2023,39,South,0,117.02
10-12-2023,13,East,0,101.35
10-12-2023,38,East,1,168.26
10-12-2023,32,West,0,118.97
10-12-2023,24,East,0,114.64
10-12-2023,13,South,0,97.58
10-12-2023,47,North,1,169.07
10-12-2023,18,West,0,104.57
11-12-2023,20,North,0,108.92
11-12-2023,76,South,1,185.19
11-12-2023,18,South,0,103.04
11-12-2023,77,South,1,181.02
11-12-2023,16,South,0,110.46
11-12-2023,85,North,1,184.84
11-12-2023,56,North,0,123.43
11-12-2023,19,South,0,102.47
11-12-2023,12,West,0,98.04
11-12-2023,37,North,1,157.68
11-12-2023,23,North,0,103.2
11-12-2023,42,West,1,164.57
11-12-2023,68,South,0,127.76
11-12-2023,87,South,1,193.4
11-12-2023,60,North,1,178.03
11-12-2023,40,South,0,122.49
11-12-2023,85,South,1,188.98
11-12-2023,20,East,0,101.32
11-12-2023,76,West,1,186.25
12-12-2023,12,South,0,101.13
12-12-2023,13,North,0,107.16
12-12-2023,25,South,0,106.1
12-12-2023,13,North,0,107.89
12-12-2023,19,North,0,107.04
12-12-2023,28,North,1,172.65
12-12-2023,86,South,1,197.75
12-12-2023,87,West,1,186.77
12-12-2023,78,West,1,177.61
12-12-2023,53,North,0,121.54
12-12-2023,66,East,1,180.46
12-12-2023,80,North,1,188.83
13-12-2023,26,East,0,112.08
13-12-2023,67,East,1,164.9
13-12-2023,66,South,1,175.82
13-12-2023,14,West,0,103.78
13-12-2023,75,South,1,187.55
13-12-2023,32,West,0,109.25
13-12-2023,32,East,0,111.85
13-12-2023,26,East,0,108.02
13-12-2023,31,West,0,113.07
13-12-2023,63,East,1,176.26
14-12-2023,38,North,1,163.67
14-12-2023,58,South,1,172.18
14-12-2023,37,West,0,116.92
14-12-2023,18,South,0,108.14
14-12-2023,66,South,1,180.76
14-12-2023,54,North,1,172.78
14-12-2023,32,West,0,108.14
14-12-2023,53,North,1,179.38
14-12-2023,13,South,1,150.75
14-12-2023,82,North,1,188.19
14-12-2023,73,West,1,176.24
14-12-2023,75,East,1,181.26
14-12-2023,37,North,1,167.9
14-12-2023,70,East,1,182.08
14-12-2023,45,South,0,118.23
14-12-2023,61,South,1,168.68
14-12-2023,13,West,0,104.56
15-12-2023,21,South,0,108.23
15-12-2023,73,West,1,170.3
15-12-2023,44,North,1,170.76
15-12-2023,20,North,0,101.2
15-12-2023,80,East,1,194.46
15-12-2023,36,North,0,127.98
15-12-2023,83,South,1,178.08
15-12-2023,60,West,1,168.65
15-12-2023,71,East,1,186.09
15-12-2023,15,South,0,104.05
15-12-2023,59,North,1,171.32
15-12-2023,50,South,0,122.63
15-12-2023,34,North,0,108.63
15-12-2023,87,North,1,193.16
15-12-2023,28,East,0,94.95
15-12-2023,46,North,0,114.36
15-12-2023,30,West,0,100.64
15-12-2023,58,East,1,173.99
15-12-2023,14,West,0,95.77
15-12-2023,19,South,0,102.15
15-12-2023,55,West,0,124.74
15-12-2023,79,North,1,179.95
15-12-2023,26,North,0,112.94
15-12-2023,42,East,0,125.73
15-12-2023,73,North,1,179.06
16-12-2023,32,East,0,114.21
16-12-2023,24,West,0,104.51
16-12-2023,77,West,1,179.94
16-12-2023,18,South,0,103.18
16-12-2023,12,East,0,100.39
16-12-2023,88,West,1,190.93
16-12-2023,60,East,1,170.51
16-12-2023,22,East,0,100.52
16-12-2023,19,North,0,93.27
16-12-2023,53,East,0,119.38
16-12-2023,17,North,0,94.45
16-12-2023,82,West,1,185.17
16-12-2023,11,South,0,98.11
16-12-2023,36,South,0,109.32
16-12-2023,73,South,0,129.71
16-12-2023,66,South,1,174.03
16-12-2023,44,West,0,113.07
16-12-2023,55,East,1,179.32
17-12-2023,50,West,0,125.61
17-12-2023,70,South,0,134.36
17-12-2023,11,West,0,104.93
17-12-2023,62,East,1,187.81
17-12-2023,41,West,0,113.88
17-12-2023,69,West,1,171.71
17-12-2023,66,East,1,170.63
17-12-2023,63,North,1,169.1
17-12-2023,84,East,1,190.6
17-12-2023,68,South,1,177.25
17-12-2023,45,North,1,171.46
17-12-2023,60,North,1,175.39
17-12-2023,36,East,0,108.99
17-12-2023,48,West,1,166.01
17-12-2023,78,West,1,184.57
17-12-2023,63,North,1,170.32
17-12-2023,15,East,0,96.83
17-12-2023,60,North,1,167.46
17-12-2023,24,South,0,104.78
17-12-2023,46,West,0,118.79
18-12-2023,50,East,0,116.3
18-12-2023,54,North,0,121.44
18-12-2023,89,East,1,190.85
18-12-2023,79,West,1,189.17
18-12-2023,25,East,0,112.96
18-12-2023,63,West,1,175.77
18-12-2023,70,South,1,179.58
18-12-2023,67,East,1,177.91
18-12-2023,17,West,0,95.63
18-12-2023,51,West,1,181.1
18-12-2023,89,East,1,192.08
18-12-2023,74,South,1,180.38
19-12-2023,49,South,0,118.66
19-12-2023,57,North,1,181.11
19-12-2023,25,East,1,161.09
19-12-2023,46,East,0,115.45
19-12-2023,12,West,0,113.07
19-12-2023,25,West,0,107.84
19-12-2023,26,North,0,105.51
19-12-2023,14,South,0,97.69
19-12-2023,20,East,0,96.62
19-12-2023,57,East,1,167.14
19-12-2023,22,West,1,151.82
19-12-2023,77,South,1,188.31
19-12-2023,65,East,1,168.78
19-12-2023,17,West,0,107.83
19-12-2023,83,South,1,183.93
19-12-2023,52,East,0,119.99
19-12-2023,17,North,0,97.16
19-12-2023,77,East,1,187.79
19-12-2023,12,North,0,98.44
19-12-2023,61,North,1,182.72
19-12-2023,32,South,1,161.67
19-12-2023,79,East,1,176.56
20-12-2023,66,North,1,177.43
20-12-2023,28,South,0,104.98
20-12-2023,67,North,1,174.09
20-12-2023,29,West,0,104.87
20-12-2023,28,North,0,113.72
20-12-2023,85,East,1,192.06
20-12-2023,48,West,0,119.28
20-12-2023,69,South,1,187.17
20-12-2023,68,North,0,125.85
20-12-2023,74,North,1,177.36
20-12-2023,26,East,0,105.06
20-12-2023,28,South,0,108.86
20-12-2023,50,East,0,116.82
20-12-2023,44,East,0,116.85
21-12-2023,12,West,0,97.24
21-12-2023,62,East,1,168.48
21-12-2023,48,North,1,172.16
21-12-2023,25,East,0,100.24
21-12-2023,35,West,0,114.68
21-12-2023,84,West,1,190.88
21-12-2023,53,West,0,117.53
21-12-2023,13,North,0,87.34
21-12-2023,20,North,0,107.39
21-12-2023,78,West,1,181.31
21-12-2023,19,North,0,113.02
21-12-2023,55,North,0,117.54
21-12-2023,84,South,1,184.6
21-12-2023,47,East,1,170.79
21-12-2023,78,West,1,180.21
21-12-2023,11,South,0,99.42
21-12-2023,68,North,0,129.56
21-12-2023,55,West,1,171.7
22-12-2023,42,West,0,120.51
22-12-2023,44,South,0,127.22
22-12-2023,86,West,1,196.96
22-12-2023,46,East,1,174.79
22-12-2023,48,East,0,126.55
22-12-2023,23,North,0,120.17
22-12-2023,31,North,0,112.83
22-12-2023,32,East,0,105.22
22-12-2023,41,North,0,123.39
22-12-2023,14,South,0,106.89
22-12-2023,20,South,0,94.64
22-12-2023,14,West,0,104.74
22-12-2023,76,West,1,186.21
22-12-2023,84,East,1,195.36
23-12-2023,81,East,1,178.85
23-12-2023,37,West,0,120.93
23-12-2023,49,East,1,175.93
23-12-2023,50,South,1,165.48
23-12-2023,56,West,1,162.14
23-12-2023,81,West,1,188.58
23-12-2023,80,East,1,186.63
23-12-2023,28,South,0,99.24
23-12-2023,65,North,0,135.66
23-12-2023,23,East,0,103.21
23-12-2023,74,North,0,129.86
23-12-2023,34,North,0,110.94
23-12-2023,65,South,1,177.22
23-12-2023,82,East,1,181.8
23-12-2023,32,East,0,108.8
23-12-2023,79,West,1,188.74
23-12-2023,40,North,0,112.35
23-12-2023,87,East,1,181.53
24-12-2023,10,West,0,115.27
24-12-2023,79,West,1,185.26
24-12-2023,18,West,0,105.64
24-12-2023,82,West,1,184.92
24-12-2023,84,East,1,195.63
24-12-2023,56,South,1,161.39
24-12-2023,27,West,0,110.16
24-12-2023,81,North,1,187.56
24-12-2023,41,East,1,166.09
24-12-2023,17,West,0,110.27
24-12-2023,26,South,0,108.43
24-12-2023,32,North,1,169.22
24-12-2023,78,West,1,185.86
24-12-2023,13,North,0,104.72
24-12-2023,16,South,0,115.02
24-12-2023,82,East,1,183.01
24-12-2023,73,West,1,181.1
24-12-2023,35,South,0,121.25
24-12-2023,54,North,1,179.25
25-12-2023,18,West,0,103.87
25-12-2023,74,North,0,128.05
25-12-2023,54,East,1,165.96
25-12-2023,73,East,1,189.8
25-12-2023,88,North,1,187.08
25-12-2023,71,North,1,177.12
25-12-2023,38,South,0,116.52
25-12-2023,37,North,1,166.0
25-12-2023,74,West,1,178.01
25-12-2023,40,North,0,121.61
25-12-2023,53,South,0,132.87
25-12-2023,69,North,1,180.62
25-12-2023,35,South,0,113.7
25-12-2023,13,East,0,100.71
25-12-2023,80,West,1,190.14
25-12-2023,60,West,1,179.7
25-12-2023,44,South,0,116.5
25-12-2023,36,South,0,117.04
25-12-2023,49,South,1,174.7
25-12-2023,80,East,1,178.82
26-12-2023,58,North,1,175.56
26-12-2023,39,South,0,130.0
26-12-2023,74,West,1,190.65
26-12-2023,38,East,0,116.89
26-12-2023,11,North,0,99.32
26-12-2023,30,East,0,108.19
26-12-2023,39,East,0,115.2
26-12-2023,32,East,0,110.33
26-12-2023,85,East,1,185.03
26-12-2023,28,North,0,115.6
26-12-2023,52,East,0,120.45
26-12-2023,62,East,1,178.3
26-12-2023,32,South,0,111.59
26-12-2023,61,West,1,183.95
26-12-2023,73,East,1,177.98
26-12-2023,13,South,0,94.6
26-12-2023,88,South,1,185.99
26-12-2023,34,West,0,118.81
26-12-2023,61,South,1,173.33
26-12-2023,81,East,1,182.12
26-12-2023,89,South,1,193.35
26-12-2023,19,East,0,113.33
26-12-2023,65,South,1,184.95
27-12-2023,83,West,1,184.1
27-12-2023,35,West,0,110.35
27-12-2023,75,West,1,177.2
27-12-2023,15,West,0,102.0
27-12-2023,46,South,0,120.99
27-12-2023,37,North,0,103.64
27-12-2023,56,East,0,124.63
27-12-2023,60,North,1,180.26
27-12-2023,73,North,1,182.04
27-12-2023,58,West,0,126.12
27-12-2023,68,South,1,190.72
27-12-2023,16,West,0,106.82
27-12-2023,33,North,1,153.16
27-12-2023,28,North,0,109.14
27-12-2023,20,East,1,157.43
27-12-2023,79,West,1,197.29
27-12-2023,35,North,0,111.87
27-12-2023,16,North,0,95.67
28-12-2023,59,South,1,176.2
28-12-2023,41,East,0,113.7
28-12-2023,85,South,1,196.41
28-12-2023,27,North,0,122.02
28-12-2023,87,North,1,185.25
28-12-2023,23,South,0,105.42
28-12-2023,32,East,0,104.47
28-12-2023,37,South,1,163.12
28-12-2023,36,South,0,108.48
28-12-2023,67,East,1,169.7
28-12-2023,85,North,1,186.94
28-12-2023,43,West,0,117.8
28-12-2023,20,East,0,106.62
28-12-2023,74,South,1,183.17
28-12-2023,39,East,0,111.77
28-12-2023,14,East,0,101.0
28-12-2023,46,North,1,165.63
28-12-2023,78,West,1,178.19
29-12-2023,74,West,1,182.05
29-12-2023,69,East,1,181.98
29-12-2023,56,East,0,119.1
29-12-2023,89,East,1,190.17
29-12-2023,16,North,0,104.74
29-12-2023,80,North,1,179.43
29-12-2023,71,West,1,176.11
29-12-2023,81,North,1,183.0
29-12-2023,84,South,1,173.71
29-12-2023,48,South,0,119.85
29-12-2023,83,North,1,184.86
29-12-2023,75,South,1,181.89
29-12-2023,50,West,1,170.1
29-12-2023,21,East,0,115.28
29-12-2023,79,North,1,183.78
29-12-2023,78,North,1,181.76
29-12-2023,50,North,0,122.54
29-12-2023,77,North,0,131.57
29-12-2023,30,East,0,109.29
29-12-2023,65,South,1,176.86
29-12-2023,32,North,0,113.28
29-12-2023,67,South,1,184.42
30-12-2023,48,West,0,109.13
30-12-2023,88,West,1,188.71
30-12-2023,86,East,1,185.33
30-12-2023,13,East,0,96.56
30-12-2023,89,East,1,175.4
30-12-2023,11,East,0,97.88
30-12-2023,74,South,0,131.26
30-12-2023,60,South,1,168.62
30-12-2023,81,West,1,180.67
30-12-2023,21,South,0,105.02
30-12-2023,84,South,1,187.08
30-12-2023,20,South,0,106.69
30-12-2023,51,North,0,119.93
30-12-2023,76,West,1,184.34
30-12-2023,77,West,1,191.91
30-12-2023,34,East,0,115.83
30-12-2023,41,East,0,116.57
30-12-2023,82,South,1,182.13
30-12-2023,67,West,1,185.42
30-12-2023,79,East,1,177.83
30-12-2023,12,North,0,95.88
31-12-2023,67,South,1,188.2
31-12-2023,67,North,1,184.69
31-12-2023,33,East,0,116.59
31-12-2023,38,East,0,106.11
31-12-2023,76,West,1,176.3
31-12-2023,37,East,0,120.54
31-12-2023,75,West,1,189.27
31-12-2023,61,North,0,119.55
31-12-2023,47,West,1,170.31
31-12-2023,47,East,0,103.96
31-12-2023,58,East,1,170.52
31-12-2023,44,East,1,165.45
31-12-2023,47,South,0,113.77
31-12-2023,67,North,1,168.77
31-12-2023,21,West,0,98.6
31-12-2023,28,West,0,111.52
